preparation,gate_error,readout_error,repeat,feasible_probability,optimal_probability,conditional_carbon_proxy,optimal_carbon_proxy
pair,0.0,0,0,1.0,0.0,1.1,0.73
pair,0.0,0,1,1.0,0.0,1.1,0.73
pair,0.0,0,2,1.0,0.0,1.1,0.73
pair,0.0,0,3,1.0,0.0,1.1,0.73
pair,0.0,0,4,1.0,0.0,1.1,0.73
pair,0.0,0,5,1.0,0.0,1.1,0.73
pair,0.0,0,6,1.0,0.0,1.1,0.73
pair,0.0,0,7,1.0,0.0,1.1,0.73
pair,0.0,0,8,1.0,0.0,1.1,0.73
pair,0.0,0,9,1.0,0.0,1.1,0.73
pair,0.0,0,10,1.0,0.0,1.1,0.73
pair,0.0,0,11,1.0,0.0,1.1,0.73
pair,0.0,0,12,1.0,0.0,1.1,0.73
pair,0.0,0,13,1.0,0.0,1.1,0.73
pair,0.0,0,14,1.0,0.0,1.1,0.73
pair,0.0,0,15,1.0,0.0,1.1,0.73
pair,0.0,0,16,1.0,0.0,1.1,0.73
pair,0.0,0,17,1.0,0.0,1.1,0.73
pair,0.0,0,18,1.0,0.0,1.1,0.73
pair,0.0,0,19,1.0,0.0,1.1,0.73
pair,0.0,0,20,1.0,0.0,1.1,0.73
pair,0.0,0,21,1.0,0.0,1.1,0.73
pair,0.0,0,22,1.0,0.0,1.1,0.73
pair,0.0,0,23,1.0,0.0,1.1,0.73
pair,0.002,0.01,0,0.90625,0.0126953125,1.095409482758621,0.73
pair,0.002,0.01,1,0.916015625,0.0068359375,1.1001705756929638,0.73
pair,0.002,0.01,2,0.9375,0.005859375,1.1028437500000001,0.73
pair,0.002,0.01,3,0.916015625,0.0078125,1.1009488272921109,0.73
pair,0.002,0.01,4,0.9287109375,0.0048828125,1.1026813880126185,0.73
pair,0.002,0.01,5,0.9267578125,0.005859375,1.1005584826132773,0.73
pair,0.002,0.01,6,0.9296875,0.009765625,1.101313025210084,0.73
pair,0.002,0.01,7,0.9228515625,0.005859375,1.1005608465608467,0.73
pair,0.002,0.01,8,0.9189453125,0.0009765625,1.1048671625929862,0.73
pair,0.002,0.01,9,0.927734375,0.0087890625,1.0993894736842107,0.73
pair,0.002,0.01,10,0.919921875,0.0068359375,1.0990021231422507,0.73
pair,0.002,0.01,11,0.91796875,0.005859375,1.1023191489361703,0.73
pair,0.002,0.01,12,0.9296875,0.005859375,1.1028676470588237,0.73
pair,0.002,0.01,13,0.93359375,0.00390625,1.1019037656903767,0.73
pair,0.002,0.01,14,0.91015625,0.0068359375,1.101351931330472,0.73
pair,0.002,0.01,15,0.931640625,0.0029296875,1.101719077568134,0.73
pair,0.002,0.01,16,0.919921875,0.0087890625,1.099384288747346,0.73
pair,0.002,0.01,17,0.9345703125,0.0078125,1.1015047021943574,0.73
pair,0.002,0.01,18,0.9248046875,0.0087890625,1.1011298838437171,0.73
pair,0.002,0.01,19,0.9228515625,0.001953125,1.1032910052910054,0.73
pair,0.002,0.01,20,0.9296875,0.0107421875,1.0974579831932776,0.73
pair,0.002,0.01,21,0.923828125,0.005859375,1.1005602536997887,0.73
pair,0.002,0.01,22,0.9208984375,0.0107421875,1.1003499469777307,0.73
pair,0.002,0.01,23,0.9150390625,0.0068359375,1.1001707577374602,0.73
pair,0.005,0.01,0,0.85546875,0.0166015625,1.1034931506849317,0.73
pair,0.005,0.01,1,0.8740234375,0.0166015625,1.1021899441340783,0.73
pair,0.005,0.01,2,0.8876953125,0.021484375,1.1013311331133115,0.73
pair,0.005,0.01,3,0.857421875,0.0166015625,1.104111617312073,0.73
pair,0.005,0.01,4,0.87109375,0.0146484375,1.0980941704035874,0.73
pair,0.005,0.01,5,0.875,0.0166015625,1.1028013392857143,0.73
pair,0.005,0.01,6,0.8671875,0.017578125,1.100551801801802,0.73
pair,0.005,0.01,7,0.8671875,0.0166015625,1.102207207207207,0.73
pair,0.005,0.01,8,0.861328125,0.0166015625,1.103469387755102,0.73
pair,0.005,0.01,9,0.873046875,0.0185546875,1.104440715883669,0.73
pair,0.005,0.01,10,0.8798828125,0.0185546875,1.0995227524972253,0.73
pair,0.005,0.01,11,0.859375,0.0166015625,1.1009772727272729,0.73
pair,0.005,0.01,12,0.880859375,0.0126953125,1.1019844789356985,0.73
pair,0.005,0.01,13,0.8720703125,0.009765625,1.105095184770437,0.73
pair,0.005,0.01,14,0.8544921875,0.0087890625,1.10688,0.73
pair,0.005,0.01,15,0.8876953125,0.017578125,1.1047744774477448,0.73
pair,0.005,0.01,16,0.853515625,0.015625,1.1032951945080092,0.73
pair,0.005,0.01,17,0.87890625,0.015625,1.102588888888889,0.73
pair,0.005,0.01,18,0.861328125,0.01171875,1.1036961451247167,0.73
pair,0.005,0.01,19,0.884765625,0.01171875,1.1060264900662253,0.73
pair,0.005,0.01,20,0.8818359375,0.01171875,1.106046511627907,0.73
pair,0.005,0.01,21,0.869140625,0.009765625,1.104494382022472,0.73
pair,0.005,0.01,22,0.8603515625,0.01953125,1.1022133938706016,0.73
pair,0.005,0.01,23,0.8544921875,0.01171875,1.1005828571428573,0.73
pair,0.01,0.01,0,0.7841796875,0.02734375,1.106961394769614,0.73
pair,0.01,0.01,1,0.794921875,0.0244140625,1.1095823095823096,0.73
pair,0.01,0.01,2,0.8125,0.0341796875,1.1075721153846154,0.73
pair,0.01,0.01,3,0.771484375,0.021484375,1.1091898734177217,0.73
pair,0.01,0.01,4,0.8056640625,0.03125,1.1063151515151515,0.73
pair,0.01,0.01,5,0.8056640625,0.02734375,1.1021090909090911,0.73
pair,0.01,0.01,6,0.80078125,0.0283203125,1.101670731707317,0.73
pair,0.01,0.01,7,0.7958984375,0.0283203125,1.112478527607362,0.73
pair,0.01,0.01,8,0.7841796875,0.021484375,1.1083561643835615,0.73
pair,0.01,0.01,9,0.8017578125,0.0244140625,1.1108404384896469,0.73
pair,0.01,0.01,10,0.7978515625,0.025390625,1.101015911872705,0.73
pair,0.01,0.01,11,0.779296875,0.0302734375,1.1001002506265665,0.73
pair,0.01,0.01,12,0.80078125,0.0341796875,1.0996341463414634,0.73
pair,0.01,0.01,13,0.8046875,0.0185546875,1.1054854368932039,0.73
pair,0.01,0.01,14,0.7978515625,0.025390625,1.1111138310893514,0.73
pair,0.01,0.01,15,0.80859375,0.0166015625,1.1156521739130436,0.73
pair,0.01,0.01,16,0.775390625,0.01953125,1.1107682619647357,0.73
pair,0.01,0.01,17,0.80078125,0.0224609375,1.1124268292682928,0.73
pair,0.01,0.01,18,0.787109375,0.029296875,1.1094292803970225,0.73
pair,0.01,0.01,19,0.8056640625,0.0263671875,1.1045575757575758,0.73
pair,0.01,0.01,20,0.8095703125,0.01953125,1.1056694813027745,0.73
pair,0.01,0.01,21,0.7978515625,0.0205078125,1.10328029375765,0.73
pair,0.01,0.01,22,0.7919921875,0.03125,1.1071023427866833,0.73
pair,0.01,0.01,23,0.7939453125,0.0205078125,1.1046494464944652,0.73
pair,0.03,0.01,0,0.5673828125,0.0458984375,1.12118760757315,0.73
pair,0.03,0.01,1,0.587890625,0.046875,1.1244019933554819,0.73
pair,0.03,0.01,2,0.6005859375,0.05078125,1.115219512195122,0.73
pair,0.03,0.01,3,0.560546875,0.048828125,1.10801393728223,0.73
pair,0.03,0.01,4,0.609375,0.0556640625,1.1226121794871795,0.73
pair,0.03,0.01,5,0.5947265625,0.044921875,1.1217241379310348,0.73
pair,0.03,0.01,6,0.60546875,0.05859375,1.1067741935483872,0.73
pair,0.03,0.01,7,0.5859375,0.0615234375,1.1106500000000001,0.73
pair,0.03,0.01,8,0.5869140625,0.048828125,1.1113144758735443,0.73
pair,0.03,0.01,9,0.591796875,0.05859375,1.1051155115511553,0.73
pair,0.03,0.01,10,0.5908203125,0.046875,1.1215537190082645,0.73
pair,0.03,0.01,11,0.5732421875,0.0498046875,1.1109540034071552,0.73
pair,0.03,0.01,12,0.6103515625,0.0595703125,1.113168,0.73
pair,0.03,0.01,13,0.623046875,0.05078125,1.1215673981191223,0.73
pair,0.03,0.01,14,0.619140625,0.044921875,1.122602523659306,0.73
pair,0.03,0.01,15,0.595703125,0.0458984375,1.1111639344262294,0.73
pair,0.03,0.01,16,0.57421875,0.048828125,1.1255952380952383,0.73
pair,0.03,0.01,17,0.5986328125,0.0703125,1.0969168026101144,0.73
pair,0.03,0.01,18,0.56640625,0.0595703125,1.102810344827586,0.73
pair,0.03,0.01,19,0.6103515625,0.0517578125,1.117904,0.73
pair,0.03,0.01,20,0.5927734375,0.05078125,1.1299176276771006,0.73
pair,0.03,0.01,21,0.5849609375,0.041015625,1.1208848080133558,0.73
pair,0.03,0.01,22,0.576171875,0.052734375,1.1136779661016951,0.73
pair,0.03,0.01,23,0.6044921875,0.05078125,1.1248949919224558,0.73
phase_pair,0.0,0,0,1.0,0.9765625,0.75048828125,0.73
phase_pair,0.0,0,1,1.0,0.9794921875,0.7451074218749999,0.73
phase_pair,0.0,0,2,1.0,0.982421875,0.74509765625,0.73
phase_pair,0.0,0,3,1.0,0.9794921875,0.7472558593749999,0.73
phase_pair,0.0,0,4,1.0,0.98046875,0.746357421875,0.73
phase_pair,0.0,0,5,1.0,0.978515625,0.749765625,0.73
phase_pair,0.0,0,6,1.0,0.97265625,0.75408203125,0.73
phase_pair,0.0,0,7,1.0,0.9716796875,0.7555175781250001,0.73
phase_pair,0.0,0,8,1.0,0.96875,0.757138671875,0.73
phase_pair,0.0,0,9,1.0,0.9814453125,0.74599609375,0.73
phase_pair,0.0,0,10,1.0,0.9716796875,0.753369140625,0.73
phase_pair,0.0,0,11,1.0,0.9658203125,0.758759765625,0.73
phase_pair,0.0,0,12,1.0,0.9814453125,0.744384765625,0.73
phase_pair,0.0,0,13,1.0,0.974609375,0.751748046875,0.73
phase_pair,0.0,0,14,1.0,0.9794921875,0.7472558593749999,0.73
phase_pair,0.0,0,15,1.0,0.9794921875,0.74671875,0.73
phase_pair,0.0,0,16,1.0,0.96875,0.757138671875,0.73
phase_pair,0.0,0,17,1.0,0.9765625,0.7515625,0.73
phase_pair,0.0,0,18,1.0,0.9775390625,0.7490527343750001,0.73
phase_pair,0.0,0,19,1.0,0.9794921875,0.74779296875,0.73
phase_pair,0.0,0,20,1.0,0.9794921875,0.7472558593749999,0.73
phase_pair,0.0,0,21,1.0,0.974609375,0.751748046875,0.73
phase_pair,0.0,0,22,1.0,0.97265625,0.7530078124999999,0.73
phase_pair,0.0,0,23,1.0,0.9697265625,0.757314453125,0.73
phase_pair,0.002,0.01,0,0.9169921875,0.88671875,0.7521725239616613,0.73
phase_pair,0.002,0.01,1,0.9287109375,0.8857421875,0.7644689800210305,0.73
phase_pair,0.002,0.01,2,0.935546875,0.9013671875,0.755,0.73
phase_pair,0.002,0.01,3,0.9228515625,0.8798828125,0.7582857142857142,0.73
phase_pair,0.002,0.01,4,0.9140625,0.8798828125,0.7555876068376068,0.73
phase_pair,0.002,0.01,5,0.9248046875,0.900390625,0.7473178458289333,0.73
phase_pair,0.002,0.01,6,0.9404296875,0.90234375,0.7546936656282449,0.73
phase_pair,0.002,0.01,7,0.9140625,0.8828125,0.7520512820512821,0.73
phase_pair,0.002,0.01,8,0.892578125,0.8583984375,0.7556017505470458,0.73
phase_pair,0.002,0.01,9,0.9326171875,0.8955078125,0.7556649214659685,0.73
phase_pair,0.002,0.01,10,0.921875,0.8857421875,0.7567372881355932,0.73
phase_pair,0.002,0.01,11,0.9248046875,0.8779296875,0.7644350580781414,0.73
phase_pair,0.002,0.01,12,0.939453125,0.9013671875,0.7575779625779626,0.73
phase_pair,0.002,0.01,13,0.9248046875,0.8779296875,0.7609503695881732,0.73
phase_pair,0.002,0.01,14,0.9189453125,0.8818359375,0.7601381509032943,0.73
phase_pair,0.002,0.01,15,0.9306640625,0.8876953125,0.7603567681007345,0.73
phase_pair,0.002,0.01,16,0.927734375,0.8759765625,0.7674315789473685,0.73
phase_pair,0.002,0.01,17,0.9228515625,0.8876953125,0.7534074074074073,0.73
phase_pair,0.002,0.01,18,0.921875,0.876953125,0.7614300847457627,0.73
phase_pair,0.002,0.01,19,0.9169921875,0.8857421875,0.751395101171459,0.73
phase_pair,0.002,0.01,20,0.92578125,0.90234375,0.7463291139240505,0.73
phase_pair,0.002,0.01,21,0.919921875,0.876953125,0.7566242038216562,0.73
phase_pair,0.002,0.01,22,0.916015625,0.88671875,0.7494562899786781,0.73
phase_pair,0.002,0.01,23,0.91796875,0.876953125,0.7588191489361702,0.73
phase_pair,0.005,0.01,0,0.869140625,0.8056640625,0.7737078651685394,0.73
phase_pair,0.005,0.01,1,0.8662109375,0.8056640625,0.7688838782412626,0.73
phase_pair,0.005,0.01,2,0.884765625,0.8310546875,0.7639955849889624,0.73
phase_pair,0.005,0.01,3,0.8623046875,0.80078125,0.7682332955832389,0.73
phase_pair,0.005,0.01,4,0.8642578125,0.8173828125,0.7575254237288135,0.73
phase_pair,0.005,0.01,5,0.8818359375,0.830078125,0.7669435215946844,0.73
phase_pair,0.005,0.01,6,0.876953125,0.828125,0.7597884187082407,0.73
phase_pair,0.005,0.01,7,0.8740234375,0.8134765625,0.7691508379888269,0.73
phase_pair,0.005,0.01,8,0.8408203125,0.7802734375,0.7726132404181185,0.73
phase_pair,0.005,0.01,9,0.88671875,0.82421875,0.7694052863436124,0.73
phase_pair,0.005,0.01,10,0.8701171875,0.8125,0.7699326599326598,0.73
phase_pair,0.005,0.01,11,0.8544921875,0.7978515625,0.7683542857142858,0.73
phase_pair,0.005,0.01,12,0.88671875,0.83203125,0.7631167400881057,0.73
phase_pair,0.005,0.01,13,0.8466796875,0.79296875,0.7712341407151097,0.73
phase_pair,0.005,0.01,14,0.859375,0.818359375,0.7557840909090908,0.73
phase_pair,0.005,0.01,15,0.875,0.80859375,0.7734263392857142,0.73
phase_pair,0.005,0.01,16,0.8603515625,0.796875,0.7710329171396141,0.73
phase_pair,0.005,0.01,17,0.8583984375,0.8046875,0.7662912400455062,0.73
phase_pair,0.005,0.01,18,0.849609375,0.7900390625,0.7711149425287355,0.73
phase_pair,0.005,0.01,19,0.8505859375,0.7998046875,0.7659816303099884,0.73
phase_pair,0.005,0.01,20,0.865234375,0.8076171875,0.7689164785553048,0.73
phase_pair,0.005,0.01,21,0.86328125,0.7958984375,0.7750565610859729,0.73
phase_pair,0.005,0.01,22,0.85546875,0.8115234375,0.7571689497716895,0.73
phase_pair,0.005,0.01,23,0.8603515625,0.806640625,0.7718274687854709,0.73
phase_pair,0.01,0.01,0,0.78515625,0.685546875,0.796094527363184,0.73
phase_pair,0.01,0.01,1,0.7880859375,0.701171875,0.7851177199504336,0.73
phase_pair,0.01,0.01,2,0.796875,0.70703125,0.7892401960784315,0.73
phase_pair,0.01,0.01,3,0.7763671875,0.6748046875,0.7922389937106917,0.73
phase_pair,0.01,0.01,4,0.7978515625,0.7275390625,0.7700122399020807,0.73
phase_pair,0.01,0.01,5,0.791015625,0.7041015625,0.7842345679012346,0.73
phase_pair,0.01,0.01,6,0.8154296875,0.73828125,0.7768622754491019,0.73
phase_pair,0.01,0.01,7,0.79296875,0.69921875,0.7886453201970441,0.73
phase_pair,0.01,0.01,8,0.7666015625,0.671875,0.7890318471337581,0.73
phase_pair,0.01,0.01,9,0.796875,0.7021484375,0.7881372549019606,0.73
phase_pair,0.01,0.01,10,0.7919921875,0.6943359375,0.7898643649815043,0.73
phase_pair,0.01,0.01,11,0.779296875,0.69140625,0.7868922305764412,0.73
phase_pair,0.01,0.01,12,0.80859375,0.73828125,0.7714734299516908,0.73
phase_pair,0.01,0.01,13,0.771484375,0.6845703125,0.7814303797468355,0.73
phase_pair,0.01,0.01,14,0.7958984375,0.71875,0.7827361963190184,0.73
phase_pair,0.01,0.01,15,0.779296875,0.6728515625,0.7970802005012532,0.73
phase_pair,0.01,0.01,16,0.7734375,0.68359375,0.7861742424242424,0.73
phase_pair,0.01,0.01,17,0.7841796875,0.7001953125,0.7853798256537983,0.73
phase_pair,0.01,0.01,18,0.7646484375,0.6767578125,0.785874840357599,0.73
phase_pair,0.01,0.01,19,0.7890625,0.6884765625,0.7962252475247523,0.73
phase_pair,0.01,0.01,20,0.787109375,0.689453125,0.7888709677419355,0.73
phase_pair,0.01,0.01,21,0.76953125,0.6826171875,0.7801649746192891,0.73
phase_pair,0.01,0.01,22,0.7802734375,0.6904296875,0.7870588235294116,0.73
phase_pair,0.01,0.01,23,0.7919921875,0.701171875,0.7853144266337855,0.73
phase_pair,0.03,0.01,0,0.56640625,0.392578125,0.8757931034482759,0.73
phase_pair,0.03,0.01,1,0.5791015625,0.4111328125,0.8586509274873524,0.73
phase_pair,0.03,0.01,2,0.599609375,0.396484375,0.8831107491856678,0.73
phase_pair,0.03,0.01,3,0.5498046875,0.380859375,0.8661634103019539,0.73
phase_pair,0.03,0.01,4,0.615234375,0.4033203125,0.8862539682539683,0.73
phase_pair,0.03,0.01,5,0.5712890625,0.3828125,0.8783931623931625,0.73
phase_pair,0.03,0.01,6,0.5859375,0.4130859375,0.8648166666666668,0.73
phase_pair,0.03,0.01,7,0.5693359375,0.3984375,0.862761578044597,0.73
phase_pair,0.03,0.01,8,0.5625,0.3828125,0.8730208333333334,0.73
phase_pair,0.03,0.01,9,0.564453125,0.400390625,0.8575259515570934,0.73
phase_pair,0.03,0.01,10,0.5732421875,0.3896484375,0.8784838160136288,0.73
phase_pair,0.03,0.01,11,0.5693359375,0.40625,0.8605145797598627,0.73
phase_pair,0.03,0.01,12,0.583984375,0.4228515625,0.8578428093645485,0.73
phase_pair,0.03,0.01,13,0.580078125,0.3828125,0.8808249158249158,0.73
phase_pair,0.03,0.01,14,0.6103515625,0.4287109375,0.8621119999999999,0.73
phase_pair,0.03,0.01,15,0.576171875,0.3916015625,0.8764915254237288,0.73
phase_pair,0.03,0.01,16,0.56640625,0.39453125,0.8650344827586207,0.73
phase_pair,0.03,0.01,17,0.578125,0.4033203125,0.8632432432432432,0.73
phase_pair,0.03,0.01,18,0.5576171875,0.390625,0.8600700525394046,0.73
phase_pair,0.03,0.01,19,0.5810546875,0.3994140625,0.8706218487394958,0.73
phase_pair,0.03,0.01,20,0.5869140625,0.404296875,0.8698336106489184,0.73
phase_pair,0.03,0.01,21,0.5556640625,0.3837890625,0.8628119507908613,0.73
phase_pair,0.03,0.01,22,0.5751953125,0.3955078125,0.870797962648557,0.73
phase_pair,0.03,0.01,23,0.5966796875,0.4072265625,0.8762847790507364,0.73
dicke,0.0,0,0,1.0,0.640625,0.86833984375,0.73
dicke,0.0,0,1,1.0,0.650390625,0.8690234375000001,0.73
dicke,0.0,0,2,1.0,0.6494140625,0.865625,0.73
dicke,0.0,0,3,1.0,0.6474609375,0.86634765625,0.73
dicke,0.0,0,4,1.0,0.6865234375,0.853505859375,0.73
dicke,0.0,0,5,1.0,0.6533203125,0.865791015625,0.73
dicke,0.0,0,6,1.0,0.6875,0.8531445312499999,0.73
dicke,0.0,0,7,1.0,0.6650390625,0.8609179687500002,0.73
dicke,0.0,0,8,1.0,0.6337890625,0.874091796875,0.73
dicke,0.0,0,9,1.0,0.6513671875,0.865439453125,0.73
dicke,0.0,0,10,1.0,0.6259765625,0.8785937500000001,0.73
dicke,0.0,0,11,1.0,0.6435546875,0.86994140625,0.73
dicke,0.0,0,12,1.0,0.693359375,0.853125,0.73
dicke,0.0,0,13,1.0,0.6435546875,0.8677929687500001,0.73
dicke,0.0,0,14,1.0,0.6953125,0.84703125,0.73
dicke,0.0,0,15,1.0,0.6376953125,0.871572265625,0.73
dicke,0.0,0,16,1.0,0.6376953125,0.872646484375,0.73
dicke,0.0,0,17,1.0,0.6513671875,0.863828125,0.73
dicke,0.0,0,18,1.0,0.634765625,0.872119140625,0.73
dicke,0.0,0,19,1.0,0.6416015625,0.86958984375,0.73
dicke,0.0,0,20,1.0,0.65234375,0.8629296875000001,0.73
dicke,0.0,0,21,1.0,0.625,0.87626953125,0.73
dicke,0.0,0,22,1.0,0.63671875,0.8746191406250001,0.73
dicke,0.0,0,23,1.0,0.6513671875,0.868125,0.73
dicke,0.002,0.01,0,0.921875,0.5791015625,0.8774788135593222,0.73
dicke,0.002,0.01,1,0.9208984375,0.5888671875,0.8756521739130434,0.73
dicke,0.002,0.01,2,0.927734375,0.587890625,0.8742210526315789,0.73
dicke,0.002,0.01,3,0.9169921875,0.5810546875,0.8719914802981895,0.73
dicke,0.002,0.01,4,0.91015625,0.59375,0.8757403433476395,0.73
dicke,0.002,0.01,5,0.9248046875,0.5908203125,0.8752375923970434,0.73
dicke,0.002,0.01,6,0.9345703125,0.6318359375,0.8584743991640543,0.73
dicke,0.002,0.01,7,0.9111328125,0.587890625,0.8736441586280814,0.73
dicke,0.002,0.01,8,0.9052734375,0.55859375,0.8811866235167206,0.73
dicke,0.002,0.01,9,0.9326171875,0.6005859375,0.8703664921465969,0.73
dicke,0.002,0.01,10,0.9169921875,0.568359375,0.8776996805111821,0.73
dicke,0.002,0.01,11,0.9208984375,0.5869140625,0.8723541887592788,0.73
dicke,0.002,0.01,12,0.9326171875,0.62890625,0.85682722513089,0.73
dicke,0.002,0.01,13,0.9248046875,0.5673828125,0.8805491024287223,0.73
dicke,0.002,0.01,14,0.9248046875,0.625,0.8621436114044351,0.73
dicke,0.002,0.01,15,0.921875,0.560546875,0.883760593220339,0.73
dicke,0.002,0.01,16,0.908203125,0.5791015625,0.869989247311828,0.73
dicke,0.002,0.01,17,0.919921875,0.58203125,0.877579617834395,0.73
dicke,0.002,0.01,18,0.9150390625,0.5712890625,0.8766275346851655,0.73
dicke,0.002,0.01,19,0.9111328125,0.56640625,0.8811897106109325,0.73
dicke,0.002,0.01,20,0.921875,0.5849609375,0.875709745762712,0.73
dicke,0.002,0.01,21,0.9130859375,0.55859375,0.8836470588235293,0.73
dicke,0.002,0.01,22,0.921875,0.576171875,0.8815677966101695,0.73
dicke,0.002,0.01,23,0.9169921875,0.58984375,0.8719595314164005,0.73
dicke,0.005,0.01,0,0.8583984375,0.51953125,0.8841979522184301,0.73
dicke,0.005,0.01,1,0.8642578125,0.529296875,0.884587570621469,0.73
dicke,0.005,0.01,2,0.8779296875,0.5263671875,0.8928476084538377,0.73
dicke,0.005,0.01,3,0.861328125,0.53125,0.8848866213151928,0.73
dicke,0.005,0.01,4,0.8515625,0.537109375,0.8792431192660551,0.73
dicke,0.005,0.01,5,0.8681640625,0.5302734375,0.8869966254218222,0.73
dicke,0.005,0.01,6,0.8671875,0.568359375,0.8736036036036036,0.73
dicke,0.005,0.01,7,0.8623046875,0.541015625,0.8784484711211779,0.73
dicke,0.005,0.01,8,0.8447265625,0.5107421875,0.8883699421965319,0.73
dicke,0.005,0.01,9,0.8740234375,0.5390625,0.8816312849162011,0.73
dicke,0.005,0.01,10,0.8720703125,0.5224609375,0.8857222844344905,0.73
dicke,0.005,0.01,11,0.8583984375,0.5390625,0.8770307167235495,0.73
dicke,0.005,0.01,12,0.873046875,0.57421875,0.8677181208053691,0.73
dicke,0.005,0.01,13,0.8564453125,0.5166015625,0.8881071835803879,0.73
dicke,0.005,0.01,14,0.8603515625,0.56640625,0.8676503972758229,0.73
dicke,0.005,0.01,15,0.859375,0.51171875,0.8890568181818181,0.73
dicke,0.005,0.01,16,0.861328125,0.5302734375,0.88218820861678,0.73
dicke,0.005,0.01,17,0.86328125,0.5322265625,0.8812217194570136,0.73
dicke,0.005,0.01,18,0.8583984375,0.5224609375,0.8835608646188852,0.73
dicke,0.005,0.01,19,0.857421875,0.5126953125,0.8906605922551253,0.73
dicke,0.005,0.01,20,0.8701171875,0.5341796875,0.8889001122334456,0.73
dicke,0.005,0.01,21,0.85546875,0.5107421875,0.8903995433789956,0.73
dicke,0.005,0.01,22,0.8515625,0.525390625,0.8811811926605506,0.73
dicke,0.005,0.01,23,0.857421875,0.5380859375,0.8740660592255126,0.73
dicke,0.01,0.01,0,0.7734375,0.4423828125,0.908510101010101,0.73
dicke,0.01,0.01,1,0.779296875,0.4560546875,0.8958771929824563,0.73
dicke,0.01,0.01,2,0.7939453125,0.4541015625,0.9059655596555967,0.73
dicke,0.01,0.01,3,0.76953125,0.4541015625,0.8956218274111675,0.73
dicke,0.01,0.01,4,0.7880859375,0.4609375,0.903358116480793,0.73
dicke,0.01,0.01,5,0.78125,0.43359375,0.907025,0.73
dicke,0.01,0.01,6,0.798828125,0.4775390625,0.8922616136919317,0.73
dicke,0.01,0.01,7,0.7724609375,0.44921875,0.8973451327433628,0.73
dicke,0.01,0.01,8,0.76953125,0.435546875,0.9045431472081218,0.73
dicke,0.01,0.01,9,0.7802734375,0.4541015625,0.8970588235294118,0.73
dicke,0.01,0.01,10,0.7841796875,0.4423828125,0.9070236612702365,0.73
dicke,0.01,0.01,11,0.7734375,0.4736328125,0.8873106060606061,0.73
dicke,0.01,0.01,12,0.8046875,0.4853515625,0.894854368932039,0.73
dicke,0.01,0.01,13,0.7724609375,0.44140625,0.9038685208596714,0.73
dicke,0.01,0.01,14,0.796875,0.486328125,0.8883455882352942,0.73
dicke,0.01,0.01,15,0.7890625,0.4423828125,0.9088985148514853,0.73
dicke,0.01,0.01,16,0.763671875,0.4482421875,0.8975959079283888,0.73
dicke,0.01,0.01,17,0.7802734375,0.46484375,0.8926533166458073,0.73
dicke,0.01,0.01,18,0.76171875,0.4443359375,0.8933333333333333,0.73
dicke,0.01,0.01,19,0.7744140625,0.4462890625,0.9034174022698613,0.73
dicke,0.01,0.01,20,0.79296875,0.4609375,0.8998275862068966,0.73
dicke,0.01,0.01,21,0.7626953125,0.431640625,0.898348271446863,0.73
dicke,0.01,0.01,22,0.7919921875,0.458984375,0.8998150431565968,0.73
dicke,0.01,0.01,23,0.7900390625,0.4580078125,0.9031767614338689,0.73
dicke,0.03,0.01,0,0.552734375,0.2431640625,0.9712367491166078,0.73
dicke,0.03,0.01,1,0.5458984375,0.255859375,0.9531484794275491,0.73
dicke,0.03,0.01,2,0.583984375,0.25,0.9774749163879598,0.73
dicke,0.03,0.01,3,0.5712890625,0.2548828125,0.9744102564102564,0.73
dicke,0.03,0.01,4,0.615234375,0.279296875,0.9652063492063491,0.73
dicke,0.03,0.01,5,0.556640625,0.224609375,0.9806140350877194,0.73
dicke,0.03,0.01,6,0.59765625,0.27734375,0.9597549019607843,0.73
dicke,0.03,0.01,7,0.57421875,0.26171875,0.966904761904762,0.73
dicke,0.03,0.01,8,0.564453125,0.240234375,0.9758304498269895,0.73
dicke,0.03,0.01,9,0.5595703125,0.2724609375,0.9553577661431066,0.73
dicke,0.03,0.01,10,0.568359375,0.2470703125,0.9760137457044673,0.73
dicke,0.03,0.01,11,0.5732421875,0.2470703125,0.9780068143100512,0.73
dicke,0.03,0.01,12,0.576171875,0.2705078125,0.9654406779661019,0.73
dicke,0.03,0.01,13,0.56640625,0.2392578125,0.978793103448276,0.73
dicke,0.03,0.01,14,0.56640625,0.244140625,0.9793965517241379,0.73
dicke,0.03,0.01,15,0.5703125,0.2470703125,0.9707876712328768,0.73
dicke,0.03,0.01,16,0.5546875,0.23828125,0.971073943661972,0.73
dicke,0.03,0.01,17,0.55078125,0.2587890625,0.9641843971631204,0.73
dicke,0.03,0.01,18,0.537109375,0.25390625,0.960090909090909,0.73
dicke,0.03,0.01,19,0.5595703125,0.2529296875,0.958673647469459,0.73
dicke,0.03,0.01,20,0.5703125,0.25390625,0.9710616438356164,0.73
dicke,0.03,0.01,21,0.5380859375,0.2392578125,0.9734119782214157,0.73
dicke,0.03,0.01,22,0.5703125,0.2509765625,0.9767294520547947,0.73
dicke,0.03,0.01,23,0.5712890625,0.25,0.9662905982905983,0.73
