source,target,synapses
Mi1_R,Pm2a_R,132532
Mi1_R,Pm1_R,120079
Mi1_R,Pm2b_R,117721
Mi1_R,Pm4_R,70722
Mi1_R,Tm3_R,67967
Mi1_R,Y3_R,65229
Mi1_R,T4a_R,61301
Mi1_R,Mi1_R,3801
Pm2a_R,Mi1_R,14491
Pm2a_R,Y3_R,11664
Pm2a_R,Pm2b_R,4589
Pm2a_R,Pm4_R,2690
Pm2a_R,Pm2a_R,2418
Pm2a_R,Tm3_R,830
Pm2a_R,Pm1_R,591
Pm2a_R,T4a_R,20
Pm1_R,Mi1_R,15951
Pm1_R,Y3_R,1371
Pm1_R,Tm3_R,632
Pm1_R,Pm1_R,467
Pm1_R,Pm2a_R,390
Pm1_R,Pm2b_R,332
Pm1_R,Pm4_R,166
Pm1_R,T4a_R,64
Pm2b_R,Mi1_R,32689
Pm2b_R,Pm4_R,4480
Pm2b_R,Pm2a_R,3225
Pm2b_R,Tm3_R,1118
Pm2b_R,Y3_R,1057
Pm2b_R,Pm1_R,434
Pm2b_R,Pm2b_R,392
Pm2b_R,T4a_R,3
Pm4_R,Y3_R,25244
Pm4_R,Pm2a_R,5607
Pm4_R,Mi1_R,3993
Pm4_R,Pm2b_R,2208
Pm4_R,Pm1_R,438
Pm4_R,Tm3_R,157
Pm4_R,Pm4_R,96
Pm4_R,T4a_R,13
Tm3_R,Pm1_R,33338
Tm3_R,Tm3_R,30821
Tm3_R,Pm4_R,29794
Tm3_R,T4a_R,26721
Tm3_R,Mi1_R,6503
Tm3_R,Y3_R,1481
Tm3_R,Pm2b_R,573
Tm3_R,Pm2a_R,537
Y3_R,Mi1_R,1797
Y3_R,Y3_R,498
Y3_R,Pm2a_R,479
Y3_R,Pm4_R,246
Y3_R,Tm3_R,231
Y3_R,Pm1_R,137
Y3_R,Pm2b_R,134
Y3_R,T4a_R,53
T4a_R,T4a_R,18564
T4a_R,Y3_R,1517
T4a_R,Mi1_R,315
T4a_R,Tm3_R,67
T4a_R,Pm2a_R,20
T4a_R,Pm1_R,15
T4a_R,Pm4_R,8
T4a_R,Pm2b_R,7
