charge,time,source,forward_reverse_tv
0.0,0.0,Mi1_R,0.0
0.0,0.0,Pm2a_R,0.0
0.0,0.0,Pm1_R,0.0
0.0,0.0,Pm2b_R,0.0
0.0,0.0,Pm4_R,0.0
0.0,0.0,Tm3_R,0.0
0.0,0.0,Y3_R,0.0
0.0,0.0,T4a_R,0.0
0.0,0.1,Mi1_R,0.0
0.0,0.1,Pm2a_R,0.0
0.0,0.1,Pm1_R,0.0
0.0,0.1,Pm2b_R,0.0
0.0,0.1,Pm4_R,0.0
0.0,0.1,Tm3_R,0.0
0.0,0.1,Y3_R,0.0
0.0,0.1,T4a_R,0.0
0.0,0.2,Mi1_R,0.0
0.0,0.2,Pm2a_R,0.0
0.0,0.2,Pm1_R,0.0
0.0,0.2,Pm2b_R,0.0
0.0,0.2,Pm4_R,0.0
0.0,0.2,Tm3_R,0.0
0.0,0.2,Y3_R,0.0
0.0,0.2,T4a_R,0.0
0.0,0.30000000000000004,Mi1_R,0.0
0.0,0.30000000000000004,Pm2a_R,0.0
0.0,0.30000000000000004,Pm1_R,0.0
0.0,0.30000000000000004,Pm2b_R,0.0
0.0,0.30000000000000004,Pm4_R,0.0
0.0,0.30000000000000004,Tm3_R,0.0
0.0,0.30000000000000004,Y3_R,0.0
0.0,0.30000000000000004,T4a_R,0.0
0.0,0.4,Mi1_R,0.0
0.0,0.4,Pm2a_R,0.0
0.0,0.4,Pm1_R,0.0
0.0,0.4,Pm2b_R,0.0
0.0,0.4,Pm4_R,0.0
0.0,0.4,Tm3_R,0.0
0.0,0.4,Y3_R,0.0
0.0,0.4,T4a_R,0.0
0.0,0.5,Mi1_R,0.0
0.0,0.5,Pm2a_R,0.0
0.0,0.5,Pm1_R,0.0
0.0,0.5,Pm2b_R,0.0
0.0,0.5,Pm4_R,0.0
0.0,0.5,Tm3_R,0.0
0.0,0.5,Y3_R,0.0
0.0,0.5,T4a_R,0.0
0.0,0.6000000000000001,Mi1_R,0.0
0.0,0.6000000000000001,Pm2a_R,0.0
0.0,0.6000000000000001,Pm1_R,0.0
0.0,0.6000000000000001,Pm2b_R,0.0
0.0,0.6000000000000001,Pm4_R,0.0
0.0,0.6000000000000001,Tm3_R,0.0
0.0,0.6000000000000001,Y3_R,0.0
0.0,0.6000000000000001,T4a_R,0.0
0.0,0.7000000000000001,Mi1_R,0.0
0.0,0.7000000000000001,Pm2a_R,0.0
0.0,0.7000000000000001,Pm1_R,0.0
0.0,0.7000000000000001,Pm2b_R,0.0
0.0,0.7000000000000001,Pm4_R,0.0
0.0,0.7000000000000001,Tm3_R,0.0
0.0,0.7000000000000001,Y3_R,0.0
0.0,0.7000000000000001,T4a_R,0.0
0.0,0.8,Mi1_R,0.0
0.0,0.8,Pm2a_R,0.0
0.0,0.8,Pm1_R,0.0
0.0,0.8,Pm2b_R,0.0
0.0,0.8,Pm4_R,0.0
0.0,0.8,Tm3_R,0.0
0.0,0.8,Y3_R,0.0
0.0,0.8,T4a_R,0.0
0.0,0.9,Mi1_R,0.0
0.0,0.9,Pm2a_R,0.0
0.0,0.9,Pm1_R,0.0
0.0,0.9,Pm2b_R,0.0
0.0,0.9,Pm4_R,0.0
0.0,0.9,Tm3_R,0.0
0.0,0.9,Y3_R,0.0
0.0,0.9,T4a_R,0.0
0.0,1.0,Mi1_R,0.0
0.0,1.0,Pm2a_R,0.0
0.0,1.0,Pm1_R,0.0
0.0,1.0,Pm2b_R,0.0
0.0,1.0,Pm4_R,0.0
0.0,1.0,Tm3_R,0.0
0.0,1.0,Y3_R,0.0
0.0,1.0,T4a_R,0.0
0.0,1.1,Mi1_R,0.0
0.0,1.1,Pm2a_R,0.0
0.0,1.1,Pm1_R,0.0
0.0,1.1,Pm2b_R,0.0
0.0,1.1,Pm4_R,0.0
0.0,1.1,Tm3_R,0.0
0.0,1.1,Y3_R,0.0
0.0,1.1,T4a_R,0.0
0.0,1.2000000000000002,Mi1_R,0.0
0.0,1.2000000000000002,Pm2a_R,0.0
0.0,1.2000000000000002,Pm1_R,0.0
0.0,1.2000000000000002,Pm2b_R,0.0
0.0,1.2000000000000002,Pm4_R,0.0
0.0,1.2000000000000002,Tm3_R,0.0
0.0,1.2000000000000002,Y3_R,0.0
0.0,1.2000000000000002,T4a_R,0.0
0.0,1.3,Mi1_R,0.0
0.0,1.3,Pm2a_R,0.0
0.0,1.3,Pm1_R,0.0
0.0,1.3,Pm2b_R,0.0
0.0,1.3,Pm4_R,0.0
0.0,1.3,Tm3_R,0.0
0.0,1.3,Y3_R,0.0
0.0,1.3,T4a_R,0.0
0.0,1.4000000000000001,Mi1_R,0.0
0.0,1.4000000000000001,Pm2a_R,0.0
0.0,1.4000000000000001,Pm1_R,0.0
0.0,1.4000000000000001,Pm2b_R,0.0
0.0,1.4000000000000001,Pm4_R,0.0
0.0,1.4000000000000001,Tm3_R,0.0
0.0,1.4000000000000001,Y3_R,0.0
0.0,1.4000000000000001,T4a_R,0.0
0.0,1.5,Mi1_R,0.0
0.0,1.5,Pm2a_R,0.0
0.0,1.5,Pm1_R,0.0
0.0,1.5,Pm2b_R,0.0
0.0,1.5,Pm4_R,0.0
0.0,1.5,Tm3_R,0.0
0.0,1.5,Y3_R,0.0
0.0,1.5,T4a_R,0.0
0.0,1.6,Mi1_R,0.0
0.0,1.6,Pm2a_R,0.0
0.0,1.6,Pm1_R,0.0
0.0,1.6,Pm2b_R,0.0
0.0,1.6,Pm4_R,0.0
0.0,1.6,Tm3_R,0.0
0.0,1.6,Y3_R,0.0
0.0,1.6,T4a_R,0.0
0.0,1.7000000000000002,Mi1_R,0.0
0.0,1.7000000000000002,Pm2a_R,0.0
0.0,1.7000000000000002,Pm1_R,0.0
0.0,1.7000000000000002,Pm2b_R,0.0
0.0,1.7000000000000002,Pm4_R,0.0
0.0,1.7000000000000002,Tm3_R,0.0
0.0,1.7000000000000002,Y3_R,0.0
0.0,1.7000000000000002,T4a_R,0.0
0.0,1.8,Mi1_R,0.0
0.0,1.8,Pm2a_R,0.0
0.0,1.8,Pm1_R,0.0
0.0,1.8,Pm2b_R,0.0
0.0,1.8,Pm4_R,0.0
0.0,1.8,Tm3_R,0.0
0.0,1.8,Y3_R,0.0
0.0,1.8,T4a_R,0.0
0.0,1.9000000000000001,Mi1_R,0.0
0.0,1.9000000000000001,Pm2a_R,0.0
0.0,1.9000000000000001,Pm1_R,0.0
0.0,1.9000000000000001,Pm2b_R,0.0
0.0,1.9000000000000001,Pm4_R,0.0
0.0,1.9000000000000001,Tm3_R,0.0
0.0,1.9000000000000001,Y3_R,0.0
0.0,1.9000000000000001,T4a_R,0.0
0.0,2.0,Mi1_R,0.0
0.0,2.0,Pm2a_R,0.0
0.0,2.0,Pm1_R,0.0
0.0,2.0,Pm2b_R,0.0
0.0,2.0,Pm4_R,0.0
0.0,2.0,Tm3_R,0.0
0.0,2.0,Y3_R,0.0
0.0,2.0,T4a_R,0.0
0.0,2.1,Mi1_R,0.0
0.0,2.1,Pm2a_R,0.0
0.0,2.1,Pm1_R,0.0
0.0,2.1,Pm2b_R,0.0
0.0,2.1,Pm4_R,0.0
0.0,2.1,Tm3_R,0.0
0.0,2.1,Y3_R,0.0
0.0,2.1,T4a_R,0.0
0.0,2.2,Mi1_R,0.0
0.0,2.2,Pm2a_R,0.0
0.0,2.2,Pm1_R,0.0
0.0,2.2,Pm2b_R,0.0
0.0,2.2,Pm4_R,0.0
0.0,2.2,Tm3_R,0.0
0.0,2.2,Y3_R,0.0
0.0,2.2,T4a_R,0.0
0.0,2.3000000000000003,Mi1_R,0.0
0.0,2.3000000000000003,Pm2a_R,0.0
0.0,2.3000000000000003,Pm1_R,0.0
0.0,2.3000000000000003,Pm2b_R,0.0
0.0,2.3000000000000003,Pm4_R,0.0
0.0,2.3000000000000003,Tm3_R,0.0
0.0,2.3000000000000003,Y3_R,0.0
0.0,2.3000000000000003,T4a_R,0.0
0.0,2.4000000000000004,Mi1_R,0.0
0.0,2.4000000000000004,Pm2a_R,0.0
0.0,2.4000000000000004,Pm1_R,0.0
0.0,2.4000000000000004,Pm2b_R,0.0
0.0,2.4000000000000004,Pm4_R,0.0
0.0,2.4000000000000004,Tm3_R,0.0
0.0,2.4000000000000004,Y3_R,0.0
0.0,2.4000000000000004,T4a_R,0.0
0.0,2.5,Mi1_R,0.0
0.0,2.5,Pm2a_R,0.0
0.0,2.5,Pm1_R,0.0
0.0,2.5,Pm2b_R,0.0
0.0,2.5,Pm4_R,0.0
0.0,2.5,Tm3_R,0.0
0.0,2.5,Y3_R,0.0
0.0,2.5,T4a_R,0.0
0.0,2.6,Mi1_R,0.0
0.0,2.6,Pm2a_R,0.0
0.0,2.6,Pm1_R,0.0
0.0,2.6,Pm2b_R,0.0
0.0,2.6,Pm4_R,0.0
0.0,2.6,Tm3_R,0.0
0.0,2.6,Y3_R,0.0
0.0,2.6,T4a_R,0.0
0.0,2.7,Mi1_R,0.0
0.0,2.7,Pm2a_R,0.0
0.0,2.7,Pm1_R,0.0
0.0,2.7,Pm2b_R,0.0
0.0,2.7,Pm4_R,0.0
0.0,2.7,Tm3_R,0.0
0.0,2.7,Y3_R,0.0
0.0,2.7,T4a_R,0.0
0.0,2.8000000000000003,Mi1_R,0.0
0.0,2.8000000000000003,Pm2a_R,0.0
0.0,2.8000000000000003,Pm1_R,0.0
0.0,2.8000000000000003,Pm2b_R,0.0
0.0,2.8000000000000003,Pm4_R,0.0
0.0,2.8000000000000003,Tm3_R,0.0
0.0,2.8000000000000003,Y3_R,0.0
0.0,2.8000000000000003,T4a_R,0.0
0.0,2.9000000000000004,Mi1_R,0.0
0.0,2.9000000000000004,Pm2a_R,0.0
0.0,2.9000000000000004,Pm1_R,0.0
0.0,2.9000000000000004,Pm2b_R,0.0
0.0,2.9000000000000004,Pm4_R,0.0
0.0,2.9000000000000004,Tm3_R,0.0
0.0,2.9000000000000004,Y3_R,0.0
0.0,2.9000000000000004,T4a_R,0.0
0.0,3.0,Mi1_R,0.0
0.0,3.0,Pm2a_R,0.0
0.0,3.0,Pm1_R,0.0
0.0,3.0,Pm2b_R,0.0
0.0,3.0,Pm4_R,0.0
0.0,3.0,Tm3_R,0.0
0.0,3.0,Y3_R,0.0
0.0,3.0,T4a_R,0.0
0.0,3.1,Mi1_R,0.0
0.0,3.1,Pm2a_R,0.0
0.0,3.1,Pm1_R,0.0
0.0,3.1,Pm2b_R,0.0
0.0,3.1,Pm4_R,0.0
0.0,3.1,Tm3_R,0.0
0.0,3.1,Y3_R,0.0
0.0,3.1,T4a_R,0.0
0.0,3.2,Mi1_R,0.0
0.0,3.2,Pm2a_R,0.0
0.0,3.2,Pm1_R,0.0
0.0,3.2,Pm2b_R,0.0
0.0,3.2,Pm4_R,0.0
0.0,3.2,Tm3_R,0.0
0.0,3.2,Y3_R,0.0
0.0,3.2,T4a_R,0.0
0.0,3.3000000000000003,Mi1_R,0.0
0.0,3.3000000000000003,Pm2a_R,0.0
0.0,3.3000000000000003,Pm1_R,0.0
0.0,3.3000000000000003,Pm2b_R,0.0
0.0,3.3000000000000003,Pm4_R,0.0
0.0,3.3000000000000003,Tm3_R,0.0
0.0,3.3000000000000003,Y3_R,0.0
0.0,3.3000000000000003,T4a_R,0.0
0.0,3.4000000000000004,Mi1_R,0.0
0.0,3.4000000000000004,Pm2a_R,0.0
0.0,3.4000000000000004,Pm1_R,0.0
0.0,3.4000000000000004,Pm2b_R,0.0
0.0,3.4000000000000004,Pm4_R,0.0
0.0,3.4000000000000004,Tm3_R,0.0
0.0,3.4000000000000004,Y3_R,0.0
0.0,3.4000000000000004,T4a_R,0.0
0.0,3.5,Mi1_R,0.0
0.0,3.5,Pm2a_R,0.0
0.0,3.5,Pm1_R,0.0
0.0,3.5,Pm2b_R,0.0
0.0,3.5,Pm4_R,0.0
0.0,3.5,Tm3_R,0.0
0.0,3.5,Y3_R,0.0
0.0,3.5,T4a_R,0.0
0.0,3.6,Mi1_R,0.0
0.0,3.6,Pm2a_R,0.0
0.0,3.6,Pm1_R,0.0
0.0,3.6,Pm2b_R,0.0
0.0,3.6,Pm4_R,0.0
0.0,3.6,Tm3_R,0.0
0.0,3.6,Y3_R,0.0
0.0,3.6,T4a_R,0.0
0.0,3.7,Mi1_R,0.0
0.0,3.7,Pm2a_R,0.0
0.0,3.7,Pm1_R,0.0
0.0,3.7,Pm2b_R,0.0
0.0,3.7,Pm4_R,0.0
0.0,3.7,Tm3_R,0.0
0.0,3.7,Y3_R,0.0
0.0,3.7,T4a_R,0.0
0.0,3.8000000000000003,Mi1_R,0.0
0.0,3.8000000000000003,Pm2a_R,0.0
0.0,3.8000000000000003,Pm1_R,0.0
0.0,3.8000000000000003,Pm2b_R,0.0
0.0,3.8000000000000003,Pm4_R,0.0
0.0,3.8000000000000003,Tm3_R,0.0
0.0,3.8000000000000003,Y3_R,0.0
0.0,3.8000000000000003,T4a_R,0.0
0.0,3.9000000000000004,Mi1_R,0.0
0.0,3.9000000000000004,Pm2a_R,0.0
0.0,3.9000000000000004,Pm1_R,0.0
0.0,3.9000000000000004,Pm2b_R,0.0
0.0,3.9000000000000004,Pm4_R,0.0
0.0,3.9000000000000004,Tm3_R,0.0
0.0,3.9000000000000004,Y3_R,0.0
0.0,3.9000000000000004,T4a_R,0.0
0.0,4.0,Mi1_R,0.0
0.0,4.0,Pm2a_R,0.0
0.0,4.0,Pm1_R,0.0
0.0,4.0,Pm2b_R,0.0
0.0,4.0,Pm4_R,0.0
0.0,4.0,Tm3_R,0.0
0.0,4.0,Y3_R,0.0
0.0,4.0,T4a_R,0.0
0.0,4.1000000000000005,Mi1_R,0.0
0.0,4.1000000000000005,Pm2a_R,0.0
0.0,4.1000000000000005,Pm1_R,0.0
0.0,4.1000000000000005,Pm2b_R,0.0
0.0,4.1000000000000005,Pm4_R,0.0
0.0,4.1000000000000005,Tm3_R,0.0
0.0,4.1000000000000005,Y3_R,0.0
0.0,4.1000000000000005,T4a_R,0.0
0.0,4.2,Mi1_R,0.0
0.0,4.2,Pm2a_R,0.0
0.0,4.2,Pm1_R,0.0
0.0,4.2,Pm2b_R,0.0
0.0,4.2,Pm4_R,0.0
0.0,4.2,Tm3_R,0.0
0.0,4.2,Y3_R,0.0
0.0,4.2,T4a_R,0.0
0.0,4.3,Mi1_R,0.0
0.0,4.3,Pm2a_R,0.0
0.0,4.3,Pm1_R,0.0
0.0,4.3,Pm2b_R,0.0
0.0,4.3,Pm4_R,0.0
0.0,4.3,Tm3_R,0.0
0.0,4.3,Y3_R,0.0
0.0,4.3,T4a_R,0.0
0.0,4.4,Mi1_R,0.0
0.0,4.4,Pm2a_R,0.0
0.0,4.4,Pm1_R,0.0
0.0,4.4,Pm2b_R,0.0
0.0,4.4,Pm4_R,0.0
0.0,4.4,Tm3_R,0.0
0.0,4.4,Y3_R,0.0
0.0,4.4,T4a_R,0.0
0.0,4.5,Mi1_R,0.0
0.0,4.5,Pm2a_R,0.0
0.0,4.5,Pm1_R,0.0
0.0,4.5,Pm2b_R,0.0
0.0,4.5,Pm4_R,0.0
0.0,4.5,Tm3_R,0.0
0.0,4.5,Y3_R,0.0
0.0,4.5,T4a_R,0.0
0.0,4.6000000000000005,Mi1_R,0.0
0.0,4.6000000000000005,Pm2a_R,0.0
0.0,4.6000000000000005,Pm1_R,0.0
0.0,4.6000000000000005,Pm2b_R,0.0
0.0,4.6000000000000005,Pm4_R,0.0
0.0,4.6000000000000005,Tm3_R,0.0
0.0,4.6000000000000005,Y3_R,0.0
0.0,4.6000000000000005,T4a_R,0.0
0.0,4.7,Mi1_R,0.0
0.0,4.7,Pm2a_R,0.0
0.0,4.7,Pm1_R,0.0
0.0,4.7,Pm2b_R,0.0
0.0,4.7,Pm4_R,0.0
0.0,4.7,Tm3_R,0.0
0.0,4.7,Y3_R,0.0
0.0,4.7,T4a_R,0.0
0.0,4.800000000000001,Mi1_R,0.0
0.0,4.800000000000001,Pm2a_R,0.0
0.0,4.800000000000001,Pm1_R,0.0
0.0,4.800000000000001,Pm2b_R,0.0
0.0,4.800000000000001,Pm4_R,0.0
0.0,4.800000000000001,Tm3_R,0.0
0.0,4.800000000000001,Y3_R,0.0
0.0,4.800000000000001,T4a_R,0.0
0.0,4.9,Mi1_R,0.0
0.0,4.9,Pm2a_R,0.0
0.0,4.9,Pm1_R,0.0
0.0,4.9,Pm2b_R,0.0
0.0,4.9,Pm4_R,0.0
0.0,4.9,Tm3_R,0.0
0.0,4.9,Y3_R,0.0
0.0,4.9,T4a_R,0.0
0.0,5.0,Mi1_R,0.0
0.0,5.0,Pm2a_R,0.0
0.0,5.0,Pm1_R,0.0
0.0,5.0,Pm2b_R,0.0
0.0,5.0,Pm4_R,0.0
0.0,5.0,Tm3_R,0.0
0.0,5.0,Y3_R,0.0
0.0,5.0,T4a_R,0.0
0.0,5.1000000000000005,Mi1_R,0.0
0.0,5.1000000000000005,Pm2a_R,0.0
0.0,5.1000000000000005,Pm1_R,0.0
0.0,5.1000000000000005,Pm2b_R,0.0
0.0,5.1000000000000005,Pm4_R,0.0
0.0,5.1000000000000005,Tm3_R,0.0
0.0,5.1000000000000005,Y3_R,0.0
0.0,5.1000000000000005,T4a_R,0.0
0.0,5.2,Mi1_R,0.0
0.0,5.2,Pm2a_R,0.0
0.0,5.2,Pm1_R,0.0
0.0,5.2,Pm2b_R,0.0
0.0,5.2,Pm4_R,0.0
0.0,5.2,Tm3_R,0.0
0.0,5.2,Y3_R,0.0
0.0,5.2,T4a_R,0.0
0.0,5.300000000000001,Mi1_R,0.0
0.0,5.300000000000001,Pm2a_R,0.0
0.0,5.300000000000001,Pm1_R,0.0
0.0,5.300000000000001,Pm2b_R,0.0
0.0,5.300000000000001,Pm4_R,0.0
0.0,5.300000000000001,Tm3_R,0.0
0.0,5.300000000000001,Y3_R,0.0
0.0,5.300000000000001,T4a_R,0.0
0.0,5.4,Mi1_R,0.0
0.0,5.4,Pm2a_R,0.0
0.0,5.4,Pm1_R,0.0
0.0,5.4,Pm2b_R,0.0
0.0,5.4,Pm4_R,0.0
0.0,5.4,Tm3_R,0.0
0.0,5.4,Y3_R,0.0
0.0,5.4,T4a_R,0.0
0.0,5.5,Mi1_R,0.0
0.0,5.5,Pm2a_R,0.0
0.0,5.5,Pm1_R,0.0
0.0,5.5,Pm2b_R,0.0
0.0,5.5,Pm4_R,0.0
0.0,5.5,Tm3_R,0.0
0.0,5.5,Y3_R,0.0
0.0,5.5,T4a_R,0.0
0.0,5.6000000000000005,Mi1_R,0.0
0.0,5.6000000000000005,Pm2a_R,0.0
0.0,5.6000000000000005,Pm1_R,0.0
0.0,5.6000000000000005,Pm2b_R,0.0
0.0,5.6000000000000005,Pm4_R,0.0
0.0,5.6000000000000005,Tm3_R,0.0
0.0,5.6000000000000005,Y3_R,0.0
0.0,5.6000000000000005,T4a_R,0.0
0.0,5.7,Mi1_R,0.0
0.0,5.7,Pm2a_R,0.0
0.0,5.7,Pm1_R,0.0
0.0,5.7,Pm2b_R,0.0
0.0,5.7,Pm4_R,0.0
0.0,5.7,Tm3_R,0.0
0.0,5.7,Y3_R,0.0
0.0,5.7,T4a_R,0.0
0.0,5.800000000000001,Mi1_R,0.0
0.0,5.800000000000001,Pm2a_R,0.0
0.0,5.800000000000001,Pm1_R,0.0
0.0,5.800000000000001,Pm2b_R,0.0
0.0,5.800000000000001,Pm4_R,0.0
0.0,5.800000000000001,Tm3_R,0.0
0.0,5.800000000000001,Y3_R,0.0
0.0,5.800000000000001,T4a_R,0.0
0.0,5.9,Mi1_R,0.0
0.0,5.9,Pm2a_R,0.0
0.0,5.9,Pm1_R,0.0
0.0,5.9,Pm2b_R,0.0
0.0,5.9,Pm4_R,0.0
0.0,5.9,Tm3_R,0.0
0.0,5.9,Y3_R,0.0
0.0,5.9,T4a_R,0.0
0.0,6.0,Mi1_R,0.0
0.0,6.0,Pm2a_R,0.0
0.0,6.0,Pm1_R,0.0
0.0,6.0,Pm2b_R,0.0
0.0,6.0,Pm4_R,0.0
0.0,6.0,Tm3_R,0.0
0.0,6.0,Y3_R,0.0
0.0,6.0,T4a_R,0.0
0.0,6.1000000000000005,Mi1_R,0.0
0.0,6.1000000000000005,Pm2a_R,0.0
0.0,6.1000000000000005,Pm1_R,0.0
0.0,6.1000000000000005,Pm2b_R,0.0
0.0,6.1000000000000005,Pm4_R,0.0
0.0,6.1000000000000005,Tm3_R,0.0
0.0,6.1000000000000005,Y3_R,0.0
0.0,6.1000000000000005,T4a_R,0.0
0.0,6.2,Mi1_R,0.0
0.0,6.2,Pm2a_R,0.0
0.0,6.2,Pm1_R,0.0
0.0,6.2,Pm2b_R,0.0
0.0,6.2,Pm4_R,0.0
0.0,6.2,Tm3_R,0.0
0.0,6.2,Y3_R,0.0
0.0,6.2,T4a_R,0.0
0.0,6.300000000000001,Mi1_R,0.0
0.0,6.300000000000001,Pm2a_R,0.0
0.0,6.300000000000001,Pm1_R,0.0
0.0,6.300000000000001,Pm2b_R,0.0
0.0,6.300000000000001,Pm4_R,0.0
0.0,6.300000000000001,Tm3_R,0.0
0.0,6.300000000000001,Y3_R,0.0
0.0,6.300000000000001,T4a_R,0.0
0.0,6.4,Mi1_R,0.0
0.0,6.4,Pm2a_R,0.0
0.0,6.4,Pm1_R,0.0
0.0,6.4,Pm2b_R,0.0
0.0,6.4,Pm4_R,0.0
0.0,6.4,Tm3_R,0.0
0.0,6.4,Y3_R,0.0
0.0,6.4,T4a_R,0.0
0.0,6.5,Mi1_R,0.0
0.0,6.5,Pm2a_R,0.0
0.0,6.5,Pm1_R,0.0
0.0,6.5,Pm2b_R,0.0
0.0,6.5,Pm4_R,0.0
0.0,6.5,Tm3_R,0.0
0.0,6.5,Y3_R,0.0
0.0,6.5,T4a_R,0.0
0.0,6.6000000000000005,Mi1_R,0.0
0.0,6.6000000000000005,Pm2a_R,0.0
0.0,6.6000000000000005,Pm1_R,0.0
0.0,6.6000000000000005,Pm2b_R,0.0
0.0,6.6000000000000005,Pm4_R,0.0
0.0,6.6000000000000005,Tm3_R,0.0
0.0,6.6000000000000005,Y3_R,0.0
0.0,6.6000000000000005,T4a_R,0.0
0.0,6.7,Mi1_R,0.0
0.0,6.7,Pm2a_R,0.0
0.0,6.7,Pm1_R,0.0
0.0,6.7,Pm2b_R,0.0
0.0,6.7,Pm4_R,0.0
0.0,6.7,Tm3_R,0.0
0.0,6.7,Y3_R,0.0
0.0,6.7,T4a_R,0.0
0.0,6.800000000000001,Mi1_R,0.0
0.0,6.800000000000001,Pm2a_R,0.0
0.0,6.800000000000001,Pm1_R,0.0
0.0,6.800000000000001,Pm2b_R,0.0
0.0,6.800000000000001,Pm4_R,0.0
0.0,6.800000000000001,Tm3_R,0.0
0.0,6.800000000000001,Y3_R,0.0
0.0,6.800000000000001,T4a_R,0.0
0.0,6.9,Mi1_R,0.0
0.0,6.9,Pm2a_R,0.0
0.0,6.9,Pm1_R,0.0
0.0,6.9,Pm2b_R,0.0
0.0,6.9,Pm4_R,0.0
0.0,6.9,Tm3_R,0.0
0.0,6.9,Y3_R,0.0
0.0,6.9,T4a_R,0.0
0.0,7.0,Mi1_R,0.0
0.0,7.0,Pm2a_R,0.0
0.0,7.0,Pm1_R,0.0
0.0,7.0,Pm2b_R,0.0
0.0,7.0,Pm4_R,0.0
0.0,7.0,Tm3_R,0.0
0.0,7.0,Y3_R,0.0
0.0,7.0,T4a_R,0.0
0.0,7.1000000000000005,Mi1_R,0.0
0.0,7.1000000000000005,Pm2a_R,0.0
0.0,7.1000000000000005,Pm1_R,0.0
0.0,7.1000000000000005,Pm2b_R,0.0
0.0,7.1000000000000005,Pm4_R,0.0
0.0,7.1000000000000005,Tm3_R,0.0
0.0,7.1000000000000005,Y3_R,0.0
0.0,7.1000000000000005,T4a_R,0.0
0.0,7.2,Mi1_R,0.0
0.0,7.2,Pm2a_R,0.0
0.0,7.2,Pm1_R,0.0
0.0,7.2,Pm2b_R,0.0
0.0,7.2,Pm4_R,0.0
0.0,7.2,Tm3_R,0.0
0.0,7.2,Y3_R,0.0
0.0,7.2,T4a_R,0.0
0.0,7.300000000000001,Mi1_R,0.0
0.0,7.300000000000001,Pm2a_R,0.0
0.0,7.300000000000001,Pm1_R,0.0
0.0,7.300000000000001,Pm2b_R,0.0
0.0,7.300000000000001,Pm4_R,0.0
0.0,7.300000000000001,Tm3_R,0.0
0.0,7.300000000000001,Y3_R,0.0
0.0,7.300000000000001,T4a_R,0.0
0.0,7.4,Mi1_R,0.0
0.0,7.4,Pm2a_R,0.0
0.0,7.4,Pm1_R,0.0
0.0,7.4,Pm2b_R,0.0
0.0,7.4,Pm4_R,0.0
0.0,7.4,Tm3_R,0.0
0.0,7.4,Y3_R,0.0
0.0,7.4,T4a_R,0.0
0.0,7.5,Mi1_R,0.0
0.0,7.5,Pm2a_R,0.0
0.0,7.5,Pm1_R,0.0
0.0,7.5,Pm2b_R,0.0
0.0,7.5,Pm4_R,0.0
0.0,7.5,Tm3_R,0.0
0.0,7.5,Y3_R,0.0
0.0,7.5,T4a_R,0.0
0.0,7.6000000000000005,Mi1_R,0.0
0.0,7.6000000000000005,Pm2a_R,0.0
0.0,7.6000000000000005,Pm1_R,0.0
0.0,7.6000000000000005,Pm2b_R,0.0
0.0,7.6000000000000005,Pm4_R,0.0
0.0,7.6000000000000005,Tm3_R,0.0
0.0,7.6000000000000005,Y3_R,0.0
0.0,7.6000000000000005,T4a_R,0.0
0.0,7.7,Mi1_R,0.0
0.0,7.7,Pm2a_R,0.0
0.0,7.7,Pm1_R,0.0
0.0,7.7,Pm2b_R,0.0
0.0,7.7,Pm4_R,0.0
0.0,7.7,Tm3_R,0.0
0.0,7.7,Y3_R,0.0
0.0,7.7,T4a_R,0.0
0.0,7.800000000000001,Mi1_R,0.0
0.0,7.800000000000001,Pm2a_R,0.0
0.0,7.800000000000001,Pm1_R,0.0
0.0,7.800000000000001,Pm2b_R,0.0
0.0,7.800000000000001,Pm4_R,0.0
0.0,7.800000000000001,Tm3_R,0.0
0.0,7.800000000000001,Y3_R,0.0
0.0,7.800000000000001,T4a_R,0.0
0.0,7.9,Mi1_R,0.0
0.0,7.9,Pm2a_R,0.0
0.0,7.9,Pm1_R,0.0
0.0,7.9,Pm2b_R,0.0
0.0,7.9,Pm4_R,0.0
0.0,7.9,Tm3_R,0.0
0.0,7.9,Y3_R,0.0
0.0,7.9,T4a_R,0.0
0.0,8.0,Mi1_R,0.0
0.0,8.0,Pm2a_R,0.0
0.0,8.0,Pm1_R,0.0
0.0,8.0,Pm2b_R,0.0
0.0,8.0,Pm4_R,0.0
0.0,8.0,Tm3_R,0.0
0.0,8.0,Y3_R,0.0
0.0,8.0,T4a_R,0.0
0.5,0.0,Mi1_R,0.0
0.5,0.0,Pm2a_R,0.0
0.5,0.0,Pm1_R,0.0
0.5,0.0,Pm2b_R,0.0
0.5,0.0,Pm4_R,0.0
0.5,0.0,Tm3_R,0.0
0.5,0.0,Y3_R,0.0
0.5,0.0,T4a_R,0.0
0.5,0.1,Mi1_R,2.995273834022346e-06
0.5,0.1,Pm2a_R,7.259025497660907e-07
0.5,0.1,Pm1_R,1.4113388221808735e-06
0.5,0.1,Pm2b_R,3.11947597292775e-07
0.5,0.1,Pm4_R,6.701092455977329e-07
0.5,0.1,Tm3_R,2.427785643721728e-06
0.5,0.1,Y3_R,9.565258252498763e-07
0.5,0.1,T4a_R,4.158677835531476e-07
0.5,0.2,Mi1_R,2.389460194937053e-05
0.5,0.2,Pm2a_R,5.794016344264884e-06
0.5,0.2,Pm1_R,1.1261555880685892e-05
0.5,0.2,Pm2b_R,2.4926205665680317e-06
0.5,0.2,Pm4_R,5.349715583280881e-06
0.5,0.2,Tm3_R,1.9377481483530005e-05
0.5,0.2,Y3_R,7.629385400800583e-06
0.5,0.2,T4a_R,3.3187679487668393e-06
0.5,0.30000000000000004,Mi1_R,8.026524239347058e-05
0.5,0.30000000000000004,Pm2a_R,1.9480733081325166e-05
0.5,0.30000000000000004,Pm1_R,3.784422483623797e-05
0.5,0.30000000000000004,Pm2b_R,8.395963376163945e-06
0.5,0.30000000000000004,Pm4_R,1.7992698732711996e-05
0.5,0.30000000000000004,Tm3_R,6.514767333989682e-05
0.5,0.30000000000000004,Y3_R,2.5621216334995468e-05
0.5,0.30000000000000004,T4a_R,1.1154993236069295e-05
0.5,0.4,Mi1_R,0.00018900619759784848
0.5,0.4,Pm2a_R,4.593173922980763e-05
0.5,0.4,Pm1_R,8.916449149676896e-05
0.5,0.4,Pm2b_R,1.9846452780240265e-05
0.5,0.4,Pm4_R,4.244477737896734e-05
0.5,0.4,Tm3_R,0.000153593526841075
0.5,0.4,Y3_R,6.0309170047372486e-05
0.5,0.4,T4a_R,2.6292232617249395e-05
0.5,0.5,Mi1_R,0.000366027349811279
0.5,0.5,Pm2a_R,8.909898553587006e-05
0.5,0.5,Pm1_R,0.00017280028221197934
0.5,0.5,Pm2b_R,3.8624599348778434e-05
0.5,0.5,Pm4_R,8.239123204707606e-05
0.5,0.5,Tm3_R,0.00029791310427692967
0.5,0.5,Y3_R,0.00011673690440455263
0.5,0.5,T4a_R,5.098157989598987e-05
0.5,0.6000000000000001,Mi1_R,0.0006259442926587683
0.5,0.6000000000000001,Pm2a_R,0.00015268040811108308
0.5,0.6000000000000001,Pm1_R,0.00029576993287051785
0.5,0.6000000000000001,Pm2b_R,6.64527318743116e-05
0.5,0.6000000000000001,Pm4_R,0.00014130502547731765
0.5,0.6000000000000001,Tm3_R,0.0005104431899531546
0.5,0.6000000000000001,Y3_R,0.00019951217701947034
0.5,0.6000000000000001,T4a_R,8.731935549803059e-05
0.5,0.7000000000000001,Mi1_R,0.0009817937279539611
0.5,0.7000000000000001,Pm2a_R,0.00024006326051412437
0.5,0.7000000000000001,Pm1_R,0.0004644082363427184
0.5,0.7000000000000001,Pm2b_R,0.0001049811595789745
0.5,0.7000000000000001,Pm4_R,0.00022240124364934
0.5,0.7000000000000001,Tm3_R,0.0008024675889370461
0.5,0.7000000000000001,Y3_R,0.00031271177040679074
0.5,0.7000000000000001,T4a_R,0.00013721448167888626
0.5,0.8,Mi1_R,0.0014447739924914253
0.5,0.8,Pm2a_R,0.0003542718676843201
0.5,0.8,Pm1_R,0.0006842527867214403
0.5,0.8,Pm2b_R,0.00015577480747368212
0.5,0.8,Pm4_R,0.0003285934577591304
0.5,0.8,Tm3_R,0.0011840406922364172
0.5,0.8,Y3_R,0.00045979536644673644
0.5,0.8,T4a_R,0.00020235683852943076
0.5,0.9,Mi1_R,0.002024014907267302
0.5,0.9,Pm2a_R,0.0004979205530976018
0.5,0.9,Pm1_R,0.0009599423524736164
0.5,0.9,Pm2b_R,0.00022030042061068649
0.5,0.9,Pm4_R,0.0004624548339348338
0.5,0.9,Tm3_R,0.0016638288910664574
0.5,0.9,Y3_R,0.0006435298486446714
0.5,0.9,T4a_R,0.00028418926683664405
0.5,1.0,Mi1_R,0.00272638070673741
0.5,1.0,Pm2a_R,0.0006731724208640224
0.5,1.0,Pm1_R,0.0012951288396536881
0.5,1.0,Pm2b_R,0.0002999144332631079
0.5,1.0,Pm4_R,0.0006261841943294338
0.5,1.0,Tm3_R,0.0022489721766835434
0.5,1.0,Y3_R,0.0008659253485267291
0.5,1.0,T4a_R,0.0003838832750674931
0.5,1.1,Mi1_R,0.0035563093145325473
0.5,1.1,Pm2a_R,0.0008817045955955607
0.5,1.1,Pm1_R,0.0016924042129955233
0.5,1.1,Pm2b_R,0.00039585159910820257
0.5,1.1,Pm4_R,0.0008215775340284125
0.5,1.1,Tm3_R,0.002944967983699068
0.5,1.1,Y3_R,0.001128184169589431
0.5,1.1,T4a_R,0.0005023188247507918
0.5,1.2000000000000002,Mi1_R,0.004515690691526668
0.5,1.2000000000000002,Pm2a_R,0.0011246804357676896
0.5,1.2000000000000002,Pm1_R,0.002153243529678292
0.5,1.2000000000000002,Pm2b_R,0.0005092144782286935
0.5,1.2000000000000002,Pm4_R,0.0010500054226748581
0.5,1.2000000000000002,Tm3_R,0.00375557902752824
0.5,1.2000000000000002,Y3_R,0.0014306635212396161
0.5,1.2000000000000002,T4a_R,0.0006400685109833657
0.5,1.3,Mi1_R,0.005603786400035485
0.5,1.3,Pm2a_R,0.0014097873518672047
0.5,1.3,Pm1_R,0.0026850232205500283
0.5,1.3,Pm2b_R,0.0006409638760370612
0.5,1.3,Pm4_R,0.0013123966381651552
0.5,1.3,Tm3_R,0.0046849325500943895
0.5,1.3,Y3_R,0.0017750187743614608
0.5,1.3,T4a_R,0.0007973863926462018
0.5,1.4000000000000001,Mi1_R,0.006817191912535969
0.5,1.4000000000000001,Pm2a_R,0.0017341155940417572
0.5,1.4000000000000001,Pm1_R,0.003283890343685519
0.5,1.4000000000000001,Pm2b_R,0.0007919103279242475
0.5,1.4000000000000001,Pm4_R,0.0016092282932444154
0.5,1.4000000000000001,Tm3_R,0.005735731571005522
0.5,1.4000000000000001,Y3_R,0.002162447257185952
0.5,1.4000000000000001,T4a_R,0.0009742016610758325
0.5,1.5,Mi1_R,0.00814984255347262
0.5,1.5,Pm2a_R,0.0020982006527281156
0.5,1.5,Pm1_R,0.003948805664937723
0.5,1.5,Pm2b_R,0.0009627067214748026
0.5,1.5,Pm4_R,0.001940522625543267
0.5,1.5,Tm3_R,0.006904834115014492
0.5,1.5,Y3_R,0.0025892881145149023
0.5,1.5,T4a_R,0.0011701172672964166
0.5,1.6,Mi1_R,0.009593063307632693
0.5,1.6,Pm2a_R,0.002502198820768355
0.5,1.6,Pm1_R,0.00467773017267067
0.5,1.6,Pm2b_R,0.0011616269758463504
0.5,1.6,Pm4_R,0.002305850528735043
0.5,1.6,Tm3_R,0.008189449522622011
0.5,1.6,Y3_R,0.0030610118562110385
0.5,1.6,T4a_R,0.0013844135573882112
0.5,1.7000000000000002,Mi1_R,0.011135662067652114
0.5,1.7000000000000002,Pm2a_R,0.00294582647723728
0.5,1.7000000000000002,Pm1_R,0.005467585491709637
0.5,1.7000000000000002,Pm2b_R,0.0013867335446720664
0.5,1.7000000000000002,Pm4_R,0.0027043418083161496
0.5,1.7000000000000002,Tm3_R,0.009585052038310582
0.5,1.7000000000000002,Y3_R,0.003572302299123161
0.5,1.7000000000000002,T4a_R,0.0016160568941588128
0.5,1.8,Mi1_R,0.01276406523598096
0.5,1.8,Pm2a_R,0.0034283657108720484
0.5,1.8,Pm1_R,0.0063142905662957995
0.5,1.8,Pm2b_R,0.0016375369137754249
0.5,1.8,Pm4_R,0.0031347020512916316
0.5,1.8,Tm3_R,0.011085439920158497
0.5,1.8,Y3_R,0.004118762208195367
0.5,1.8,T4a_R,0.001863713171939937
0.5,1.9000000000000001,Mi1_R,0.014462493952574566
0.5,1.9000000000000001,Pm2a_R,0.003948675219687383
0.5,1.9000000000000001,Pm1_R,0.00721281315063746
0.5,1.9000000000000001,Pm2b_R,0.0019148601734299809
0.5,1.9000000000000001,Pm4_R,0.0035952359060532684
0.5,1.9000000000000001,Tm3_R,0.012682819075179392
0.5,1.9000000000000001,Y3_R,0.004696834760878625
0.5,1.9000000000000001,T4a_R,0.0021257660610483993
0.5,2.0,Mi1_R,0.016213178598017398
0.5,2.0,Pm2a_R,0.0045052063961190285
0.5,2.0,Pm1_R,0.008157235473856049
0.5,2.0,Pm2b_R,0.002219380889207377
0.5,2.0,Pm4_R,0.004083876478233317
0.5,2.0,Tm3_R,0.014367910206014353
0.5,2.0,Y3_R,0.005302412234425681
0.5,2.0,T4a_R,0.0024003397502117894
0.5,2.1,Mi1_R,0.01799660863175384
0.5,2.1,Pm2a_R,0.005096024448532681
0.5,2.1,Pm1_R,0.009148688307640462
0.5,2.1,Pm2b_R,0.0025516194161376675
0.5,2.1,Pm4_R,0.004606075518768161
0.5,2.1,Tm3_R,0.016130078132781497
0.5,2.1,Y3_R,0.005930900063365742
0.5,2.1,T4a_R,0.002685325889965343
0.5,2.2,Mi1_R,0.019791814275200742
0.5,2.2,Pm2a_R,0.005718834352710385
0.5,2.2,Pm1_R,0.010178786476820792
0.5,2.2,Pm2b_R,0.0029119279221388687
0.5,2.2,Pm4_R,0.00515818799546339
0.5,2.2,Tm3_R,0.017957481648931576
0.5,2.2,Y3_R,0.006577289377087086
0.5,2.2,T4a_R,0.0029784143786345386
0.5,2.3000000000000003,Mi1_R,0.02157667604780547
0.5,2.3000000000000003,Pm2a_R,0.006371011371601183
0.5,2.3000000000000003,Pm1_R,0.011236495060147254
0.5,2.3000000000000003,Pm2b_R,0.003300480396935069
0.5,2.3000000000000003,Pm4_R,0.005734280942469675
0.5,2.3000000000000003,Tm3_R,0.019837241985934825
0.5,2.3000000000000003,Y3_R,0.007236236996054759
0.5,2.3000000000000003,T4a_R,0.0032771275758433356
0.5,2.4000000000000004,Mi1_R,0.023328257717995404
0.5,2.4000000000000004,Pm2a_R,0.007049635828778951
0.5,2.4000000000000004,Pm1_R,0.012313682655663056
0.5,2.4000000000000004,Pm2b_R,0.003717263928112794
0.5,2.4000000000000004,Pm4_R,0.0063316236968103705
0.5,2.4000000000000004,Tm3_R,0.021755627702289407
0.5,2.4000000000000004,Y3_R,0.007902151748207256
0.5,2.4000000000000004,T4a_R,0.003578857477325113
0.5,2.5,Mi1_R,0.02502315784706603
0.5,2.5,Pm2a_R,0.007751531771281986
0.5,2.5,Pm1_R,0.013401822109121692
0.5,2.5,Pm2b_R,0.004162071525947723
0.5,2.5,Pm4_R,0.006947320733260201
0.5,2.5,Tm3_R,0.023698253581138605
0.5,2.5,Y3_R,0.008569285865884194
0.5,2.5,T4a_R,0.003880905339906028
0.5,2.6,Mi1_R,0.026637874788151022
0.5,2.6,Pm2a_R,0.00847330911130352
0.5,2.6,Pm1_R,0.014492110736295628
0.5,2.6,Pm2b_R,0.004634496772906202
0.5,2.6,Pm4_R,0.007578360008767847
0.5,2.6,Tm3_R,0.025650290920806625
0.5,2.6,Y3_R,0.009231830139753603
0.5,2.6,T4a_R,0.004180523207482768
0.5,2.7,Mi1_R,0.028149179759340264
0.5,2.7,Pm2a_R,0.009211408794143523
0.5,2.7,Pm1_R,0.015575595731055367
0.5,2.7,Pm2b_R,0.005133930562208998
0.5,2.7,Pm4_R,0.008221663444676027
0.5,2.7,Tm3_R,0.027596686436479896
0.5,2.7,Y3_R,0.00988401144087206
0.5,2.7,T4a_R,0.00447495675818683
0.5,2.8000000000000003,Mi1_R,0.029534492443570613
0.5,2.8000000000000003,Pm2a_R,0.00996215050229498
0.5,2.8000000000000003,Pm1_R,0.016643303118023898
0.5,2.8000000000000003,Pm2b_R,0.00565956017246869
0.5,2.8000000000000003,Pm4_R,0.008874138885725517
0.5,2.8000000000000003,Tm3_R,0.02952238686131378
0.5,2.8000000000000003,Y3_R,0.010520191176255085
0.5,2.8000000000000003,T4a_R,0.004761488870156551
0.5,2.9000000000000004,Mi1_R,0.030772253480860285
0.5,2.9000000000000004,Pm2a_R,0.010721782373030838
0.5,2.9000000000000004,Pm1_R,0.017686368553734427
0.5,2.9000000000000004,Pm2b_R,0.006210370902284944
0.5,2.9000000000000004,Pm4_R,0.009532732850968863
0.5,2.9000000000000004,Tm3_R,0.03141256624321436
0.5,2.9000000000000004,Y3_R,0.011134963217847755
0.5,2.9000000000000004,T4a_R,0.005037483288775913
0.5,3.0,Mi1_R,0.03184228821242106
0.5,3.0,Pm2a_R,0.01148653217969375
0.5,3.0,Pm1_R,0.018732282207716305
0.5,3.0,Pm2b_R,0.0067851504599707405
0.5,3.0,Pm4_R,0.010194483376503707
0.5,3.0,Tm3_R,0.03325285288068635
0.5,3.0,Y3_R,0.011759363800580827
0.5,3.0,T4a_R,0.0053004277720848465
0.5,3.1,Mi1_R,0.03272615611166683
0.5,3.1,Pm2a_R,0.012252659405418314
0.5,3.1,Pm1_R,0.019748247713262012
0.5,3.1,Pm2b_R,0.007382496269576727
0.5,3.1,Pm4_R,0.01085657224363366
0.5,3.1,Tm3_R,0.03502955282825764
0.5,3.1,Y3_R,0.01236419367036223
0.5,3.1,T4a_R,0.005547976093479225
0.5,3.2,Mi1_R,0.0334074804934827
0.5,3.2,Pm2a_R,0.013016507622498546
0.5,3.2,Pm1_R,0.020721891515860045
0.5,3.2,Pm2b_R,0.008000825815471874
0.5,3.2,Pm4_R,0.011516375888738333
0.5,3.2,Tm3_R,0.036729866929294724
0.5,3.2,Y3_R,0.012940689126213656
0.5,3.2,T4a_R,0.00577798829175422
0.5,3.3000000000000003,Mi1_R,0.03387225332854007
0.5,3.3000000000000003,Pm2a_R,0.013774556581246945
0.5,3.3000000000000003,Pm1_R,0.0216461655875669
0.5,3.3000000000000003,Pm2b_R,0.008638390104400213
0.5,3.3000000000000003,Pm4_R,0.012171514302819037
0.5,3.3000000000000003,Tm3_R,0.038342098401296584
0.5,3.3000000000000003,Y3_R,0.013485385264132928
0.5,3.3000000000000003,T4a_R,0.005988568577934408
0.5,3.4000000000000004,Mi1_R,0.034109110301028936
0.5,3.4000000000000004,Pm2a_R,0.014523473409132721
0.5,3.4000000000000004,Pm1_R,0.02251467473628225
0.5,3.4000000000000004,Pm2b_R,0.009293290276745018
0.5,3.4000000000000004,Pm4_R,0.012819897249249685
0.5,3.4000000000000004,Tm3_R,0.039855848105133596
0.5,3.4000000000000004,Y3_R,0.013995403011708027
0.5,3.4000000000000004,T4a_R,0.006178100335898287
0.5,3.5,Mi1_R,0.03410957163192011
0.5,3.5,Pm2a_R,0.015260162324303267
0.5,3.5,Pm1_R,0.023321780448087026
0.5,3.5,Pm2b_R,0.009963497348371035
0.5,3.5,Pm4_R,0.013459767157476052
0.5,3.5,Tm3_R,0.04126219477398487
0.5,3.5,Y3_R,0.014468512269848428
0.5,3.5,T4a_R,0.006345277689264403
0.5,3.6,Mi1_R,0.033868244640753886
0.5,3.6,Pm2a_R,0.01598181227731246
0.5,3.6,Pm1_R,0.024062696405514363
0.5,3.6,Pm2b_R,0.010646875011563832
0.5,3.6,Pm4_R,0.014089738087938291
0.5,3.6,Tm3_R,0.04255385765801019
0.5,3.6,Y3_R,0.01490318669791289
0.5,3.6,T4a_R,0.0064891331498543574
0.5,3.7,Mi1_R,0.033382984530973846
0.5,3.7,Pm2a_R,0.016685941950942737
0.5,3.7,Pm1_R,0.024733574390103753
0.5,3.7,Pm2b_R,0.011341205369119211
0.5,3.7,Pm4_R,0.0147088302089174
0.5,3.7,Tm3_R,0.043725339254939946
0.5,3.7,Y3_R,0.01529864925606168
0.5,3.7,T4a_R,0.006609060912786371
0.5,3.8000000000000003,Mi1_R,0.03265501045011154
0.5,3.8000000000000003,Pm2a_R,0.017370441570312846
0.5,3.8000000000000003,Pm1_R,0.025331579389135293
0.5,3.8000000000000003,Pm2b_R,0.01204421742032007
0.5,3.8000000000000003,Pm4_R,0.015316499278742558
0.5,3.8000000000000003,Tm3_R,0.04477304604196446
0.5,3.8000000000000003,Y3_R,0.015654907738816174
0.5,3.8000000000000003,T4a_R,0.0067048354192092065
0.5,3.9000000000000004,Mi1_R,0.03168897448900512
0.5,3.9000000000000004,Pm2a_R,0.018033611003804774
0.5,3.9000000000000004,Pm1_R,0.025854952852978445
0.5,3.9000000000000004,Pm2b_R,0.012753618062340263
0.5,3.9000000000000004,Pm4_R,0.01591266068627604
0.5,3.9000000000000004,Tm3_R,0.045695385397538694
0.5,3.9000000000000004,Y3_R,0.015972779665318744
0.5,3.9000000000000004,T4a_R,0.006776624869159639
0.5,4.0,Mi1_R,0.030492981935351247
0.5,4.0,Pm2a_R,0.018674193669517915
0.5,4.0,Pm1_R,0.026303063189501635
0.5,4.0,Pm2b_R,0.01346712531640824
0.5,4.0,Pm4_R,0.01649770766802037
0.5,4.0,Tm3_R,0.04649283719945946
0.5,4.0,Y3_R,0.01625390603290483
0.5,4.0,T4a_R,0.006824999433174256
0.5,4.1000000000000005,Mi1_R,0.029089972873631537
0.5,4.1000000000000005,Pm2a_R,0.019291405801621767
0.5,4.1000000000000005,Pm1_R,0.026676442733758958
0.5,4.1000000000000005,Pm2b_R,0.014182503435784975
0.5,4.1000000000000005,Pm4_R,0.017083934487188736
0.5,4.1000000000000005,Tm3_R,0.047167998904074096
0.5,4.1000000000000005,Y3_R,0.01650075358945006
0.5,4.1000000000000005,T4a_R,0.0068509339813048855
0.5,4.2,Mi1_R,0.027487218629901198
0.5,4.2,Pm2a_R,0.01988496067580025
0.5,4.2,Pm1_R,0.026976810592874687
0.5,4.2,Pm2b_R,0.01489759950322775
0.5,4.2,Pm4_R,0.017665118141165396
0.5,4.2,Tm3_R,0.04772560324664595
0.5,4.2,Y3_R,0.016716605434569053
0.5,4.2,T4a_R,0.006855805221072417
0.5,4.3,Mi1_R,0.02569438264487323
0.5,4.3,Pm2a_R,0.020455087442506317
0.5,4.3,Pm1_R,0.027207080935704946
0.5,4.3,Pm2b_R,0.015610381079978006
0.5,4.3,Pm4_R,0.018234707616601294
0.5,4.3,Tm3_R,0.0481725080504896
0.5,4.3,Y3_R,0.016905539918049654
0.5,4.3,T4a_R,0.006841383210766711
0.5,4.4,Mi1_R,0.023731551111974527
0.5,4.4,Pm2a_R,0.021002544270555507
0.5,4.4,Pm1_R,0.027371356472417698
0.5,4.4,Pm2b_R,0.01631897442737521
0.5,4.4,Pm4_R,0.01879402483466836
0.5,4.4,Tm3_R,0.048517657988025584
0.5,4.4,Y3_R,0.017072397963778328
0.5,4.4,T4a_R,0.006809817290290392
0.5,4.5,Mi1_R,0.021621613201771493
0.5,4.5,Pm2a_R,0.021528625561107236
0.5,4.5,Pm1_R,0.02747490704845656
0.5,4.5,Pm2b_R,0.01702170278675503
0.5,4.5,Pm4_R,0.019344855294858947
0.5,4.5,Tm3_R,0.04877201849586399
0.5,4.5,Y3_R,0.017222739106705402
0.5,4.5,T4a_R,0.00676361654750095
0.5,4.6000000000000005,Mi1_R,0.019390008191716417
0.5,4.6000000000000005,Pm2a_R,0.022035163052791434
0.5,4.6000000000000005,Pm1_R,0.027524133458258583
0.5,4.6000000000000005,Pm2b_R,0.01771712417412394
0.5,4.6000000000000005,Pm4_R,0.019889443324410398
0.5,4.6000000000000005,Tm3_R,0.04894848240379963
0.5,4.6000000000000005,Y3_R,0.017362786686955334
0.5,4.6000000000000005,T4a_R,0.006705625012686197
0.5,4.7,Mi1_R,0.017064432246942048
0.5,4.7,Pm2a_R,0.022524520702017558
0.5,4.7,Pm1_R,0.027526516764382412
0.5,4.7,Pm2b_R,0.018404068123946328
0.5,4.7,Pm4_R,0.02043048169694417
0.5,4.7,Tm3_R,0.04906175018961206
0.5,4.7,Y3_R,0.017499362796880108
0.5,4.7,T4a_R,0.006638991846402886
0.5,4.800000000000001,Mi1_R,0.014689853770155623
0.5,4.800000000000001,Pm2a_R,0.022999583287742414
0.5,4.800000000000001,Pm1_R,0.02749055358517994
0.5,4.800000000000001,Pm2b_R,0.019081670801811407
0.5,4.800000000000001,Pm4_R,0.020986441022887062
0.5,4.800000000000001,Tm3_R,0.04912818511329367
0.5,4.800000000000001,Y3_R,0.017639813721633705
0.5,4.800000000000001,T4a_R,0.006567136855491079
0.5,4.9,Mi1_R,0.012305455588746118
0.5,4.9,Pm2a_R,0.023463738756484644
0.5,4.9,Pm1_R,0.027425677986647343
0.5,4.9,Pm2b_R,0.019749407899319085
0.5,4.9,Pm4_R,0.021568853175632962
0.5,4.9,Tm3_R,0.0491656448113936
0.5,4.9,Y3_R,0.017791926749688887
0.5,4.9,T4a_R,0.006493711737622671
0.5,5.0,Mi1_R,0.009931779941574612
0.5,5.0,Pm2a_R,0.023920854390516767
0.5,5.0,Pm1_R,0.02734217077952663
0.5,5.0,Pm2b_R,0.02040712472662571
0.5,5.0,Pm4_R,0.022169820275066584
0.5,5.0,Tm3_R,0.049193291240374304
0.5,5.0,Y3_R,0.017963839354818024
0.5,5.0,T4a_R,0.006422557515451138
0.5,5.1000000000000005,Mi1_R,0.007602706273563824
0.5,5.1000000000000005,Pm2a_R,0.02437524694923133
0.5,5.1000000000000005,Pm1_R,0.027251057179087965
0.5,5.1000000000000005,Pm2b_R,0.021055062929039428
0.5,5.1000000000000005,Pm4_R,0.022794374417502296
0.5,5.1000000000000005,Tm3_R,0.04923138114324793
0.5,5.1000000000000005,Y3_R,0.018163941863612233
0.5,5.1000000000000005,T4a_R,0.006357658676405611
0.5,5.2,Mi1_R,0.005352334480314118
0.5,5.2,Pm2a_R,0.024831646999975893
0.5,5.2,Pm1_R,0.02716399393039907
0.5,5.2,Pm2b_R,0.02169388327398692
0.5,5.2,Pm4_R,0.023447755661267024
0.5,5.2,Tm3_R,0.04930103947265281
0.5,5.2,Y3_R,0.018400774821102174
0.5,5.2,T4a_R,0.006303094582680368
0.5,5.300000000000001,Mi1_R,0.0034641229179897355
0.5,5.300000000000001,Pm2a_R,0.025295157719494553
0.5,5.300000000000001,Pm1_R,0.027093147134516896
0.5,5.300000000000001,Pm2b_R,0.022324683983661837
0.5,5.300000000000001,Pm4_R,0.024135354972796643
0.5,5.300000000000001,Tm3_R,0.049424018432571035
0.5,5.300000000000001,Y3_R,0.0186829223500364
0.5,5.300000000000001,T4a_R,0.006512585990009688
0.5,5.4,Mi1_R,0.0017301540685673276
0.5,5.4,Pm2a_R,0.025771208509812217
0.5,5.4,Pm1_R,0.027051062129316808
0.5,5.4,Pm2b_R,0.022949014126587255
0.5,5.4,Pm4_R,0.024862654071997958
0.5,5.4,Tm3_R,0.04962244499717218
0.5,5.4,Y3_R,0.019018902865717113
0.5,5.4,T4a_R,0.006749172716840477
0.5,5.5,Mi1_R,0.001653995561506321
0.5,5.5,Pm2a_R,0.02626550383228173
0.5,5.5,Pm1_R,0.027355967773183165
0.5,5.5,Pm2b_R,0.02356888162795664
0.5,5.5,Pm4_R,0.025635162868624925
0.5,5.5,Tm3_R,0.051119492196341036
0.5,5.5,Y3_R,0.0194170585569688
0.5,5.5,T4a_R,0.00698211133137373
0.5,5.6000000000000005,Mi1_R,0.0029150688856258078
0.5,5.6000000000000005,Pm2a_R,0.027078379199789997
0.5,5.6000000000000005,Pm1_R,0.02834334362730281
0.5,5.6000000000000005,Pm2b_R,0.024239943934004398
0.5,5.6000000000000005,Pm4_R,0.026458355217130268
0.5,5.6000000000000005,Tm3_R,0.05291998262701078
0.5,5.6000000000000005,Y3_R,0.019885445074126443
0.5,5.6000000000000005,T4a_R,0.007211467312179224
0.5,5.7,Mi1_R,0.004394981500470085
0.5,5.7,Pm2a_R,0.02794140931357182
0.5,5.7,Pm1_R,0.029305723219670315
0.5,5.7,Pm2b_R,0.025079284291795102
0.5,5.7,Pm4_R,0.027337603744541014
0.5,5.7,Tm3_R,0.05467804330808851
0.5,5.7,Y3_R,0.020536777891806232
0.5,5.7,T4a_R,0.007437461489125942
0.5,5.800000000000001,Mi1_R,0.005661630664476339
0.5,5.800000000000001,Pm2a_R,0.02879726616554915
0.5,5.800000000000001,Pm1_R,0.030242860971160038
0.5,5.800000000000001,Pm2b_R,0.025905278101817107
0.5,5.800000000000001,Pm4_R,0.02827811452399889
0.5,5.800000000000001,Tm3_R,0.05639374502387659
0.5,5.800000000000001,Y3_R,0.021205777948715736
0.5,5.800000000000001,T4a_R,0.007660474614269327
0.5,5.9,Mi1_R,0.006656489915426679
0.5,5.9,Pm2a_R,0.029647419254739047
0.5,5.9,Pm1_R,0.0311552528264327
0.5,5.9,Pm2b_R,0.026718918231070053
0.5,5.9,Pm4_R,0.029284862375478657
0.5,5.9,Tm3_R,0.05806846006832032
0.5,5.9,Y3_R,0.021858304349912542
0.5,5.9,T4a_R,0.007881049683281027
0.5,6.0,Mi1_R,0.007469637475642988
0.5,6.0,Pm2a_R,0.030493813100128327
0.5,6.0,Pm1_R,0.03204416210060222
0.5,6.0,Pm2b_R,0.02752179199640878
0.5,6.0,Pm4_R,0.0303625275746541
0.5,6.0,Tm3_R,0.0597048970804407
0.5,6.0,Y3_R,0.022606397215583354
0.5,6.0,T4a_R,0.008099891883691665
0.5,6.1000000000000005,Mi1_R,0.008161150238670596
0.5,6.1000000000000005,Pm2a_R,0.03133886245384233
0.5,6.1000000000000005,Pm1_R,0.03291163508655201
0.5,6.1000000000000005,Pm2b_R,0.028316085889622235
0.5,6.1000000000000005,Pm4_R,0.03151543474095272
0.5,6.1000000000000005,Tm3_R,0.06130711725797611
0.5,6.1000000000000005,Y3_R,0.023529351211282024
0.5,6.1000000000000005,T4a_R,0.00831786607734211
0.5,6.2,Mi1_R,0.008646741823287321
0.5,6.2,Pm2a_R,0.03218544049156672
0.5,6.2,Pm1_R,0.03376050586269552
0.5,6.2,Pm2b_R,0.02910458157548997
0.5,6.2,Pm4_R,0.0327474946565433
0.5,6.2,Tm3_R,0.06288053108533535
0.5,6.2,Y3_R,0.024559063312923134
0.5,6.2,T4a_R,0.008535991757819541
0.5,6.300000000000001,Mi1_R,0.00891679691469226
0.5,6.300000000000001,Pm2a_R,0.03303685986676262
0.5,6.300000000000001,Pm1_R,0.034594389879207196
0.5,6.300000000000001,Pm2b_R,0.02989064291843851
0.5,6.300000000000001,Pm4_R,0.03406214973959972
0.5,6.300000000000001,Tm3_R,0.06443187496880143
0.5,6.300000000000001,Y3_R,0.025698811113380803
0.5,6.300000000000001,T4a_R,0.008755435458869396
0.5,6.4,Mi1_R,0.008964215082880244
0.5,6.4,Pm2a_R,0.0338968466115646
0.5,6.4,Pm1_R,0.03541766604816169
0.5,6.4,Pm2b_R,0.030678193915832108
0.5,6.4,Pm4_R,0.03546232385792445
0.5,6.4,Tm3_R,0.06596916744369477
0.5,6.4,Y3_R,0.02695087853728736
0.5,6.4,T4a_R,0.00897750062634169
0.5,6.5,Mi1_R,0.00878453981374976
0.5,6.5,Pm2a_R,0.034769506966641016
0.5,6.5,Pm1_R,0.03623544721772738
0.5,6.5,Pm2b_R,0.031471687543135424
0.5,6.5,Pm4_R,0.036950377123359836
0.5,6.5,Tm3_R,0.06750164490127927
0.5,6.5,Y3_R,0.02831650791508437
0.5,6.5,T4a_R,0.009203615003652419
0.5,6.6000000000000005,Mi1_R,0.008376055884540875
0.5,6.6000000000000005,Pm2a_R,0.035659287323382916
0.5,6.6000000000000005,Pm1_R,0.03705353907050128
0.5,6.6000000000000005,Pm2b_R,0.03227606564644915
0.5,6.6000000000000005,Pm4_R,0.038528066253847706
0.5,6.6000000000000005,Tm3_R,0.06903967707380643
0.5,6.6000000000000005,Y3_R,0.02979586425751198
0.5,6.6000000000000005,T4a_R,0.00943531561848844
0.5,6.7,Mi1_R,0.007739853513053006
0.5,6.7,Pm2a_R,0.0365709275631886
0.5,6.7,Pm1_R,0.037878387649147735
0.5,6.7,Pm2b_R,0.03309671014945084
0.5,6.7,Pm4_R,0.04019651102914583
0.5,6.7,Tm3_R,0.07059466281020704
0.5,6.7,Y3_R,0.031388012325199534
0.5,6.7,T4a_R,0.009674231496016789
0.5,6.800000000000001,Mi1_R,0.006879858126262324
0.5,6.800000000000001,Pm2a_R,0.037509408178922635
0.5,6.800000000000001,Pm1_R,0.03871701587644154
0.5,6.800000000000001,Pm2b_R,0.03393938597272556
0.5,6.800000000000001,Pm4_R,0.04195616729877989
0.5,6.800000000000001,Tm3_R,0.07217890696849885
0.5,6.800000000000001,Y3_R,0.033090906928363494
0.5,6.800000000000001,T4a_R,0.009922064260631025
0.5,6.9,Mi1_R,0.006979473840598532
0.5,6.9,Pm2a_R,0.038479891661423904
0.5,6.9,Pm1_R,0.03957694959939085
0.5,6.9,Pm2b_R,0.03481017619196884
0.5,6.9,Pm4_R,0.04380680692756005
0.5,6.9,Tm3_R,0.07482776899673288
0.5,6.9,Y3_R,0.0349013967252552
0.5,6.9,T4a_R,0.010334926179840588
0.5,7.0,Mi1_R,0.008499293975701167
0.5,7.0,Pm2a_R,0.03987230394524206
0.5,7.0,Pm1_R,0.04046613384602654
0.5,7.0,Pm2b_R,0.035715410085729406
0.5,7.0,Pm4_R,0.04574750498580683
0.5,7.0,Tm3_R,0.07856129132522129
0.5,7.0,Y3_R,0.03681524161710003
0.5,7.0,T4a_R,0.010974637533220836
0.5,7.1000000000000005,Mi1_R,0.010643466459319156
0.5,7.1000000000000005,Pm2a_R,0.04141627572452606
0.5,7.1000000000000005,Pm1_R,0.041872884929439066
0.5,7.1000000000000005,Pm2b_R,0.03666158484138218
0.5,7.1000000000000005,Pm4_R,0.04777663440919728
0.5,7.1000000000000005,Tm3_R,0.08256680739035775
0.5,7.1000000000000005,Y3_R,0.03882714366402591
0.5,7.1000000000000005,T4a_R,0.011657309153032092
0.5,7.2,Mi1_R,0.013629265802254808
0.5,7.2,Pm2a_R,0.04305637085243973
0.5,7.2,Pm1_R,0.0440967810443131
0.5,7.2,Pm2b_R,0.03765528179809738
0.5,7.2,Pm4_R,0.04989186826783159
0.5,7.2,Tm3_R,0.08683532058367341
0.5,7.2,Y3_R,0.04093079127312281
0.5,7.2,T4a_R,0.012380143971148031
0.5,7.300000000000001,Mi1_R,0.016772937267280574
0.5,7.300000000000001,Pm2a_R,0.04479255812766812
0.5,7.300000000000001,Pm1_R,0.046481659937222315
0.5,7.300000000000001,Pm2b_R,0.03870307820600725
0.5,7.300000000000001,Pm4_R,0.05209018969674805
0.5,7.300000000000001,Tm3_R,0.09135518180867029
0.5,7.300000000000001,Y3_R,0.04311891623857532
0.5,7.300000000000001,T4a_R,0.013139873953308477
0.5,7.4,Mi1_R,0.020194040053337817
0.5,7.4,Pm2a_R,0.046624008067224595
0.5,7.4,Pm1_R,0.049021949618779426
0.5,7.4,Pm2b_R,0.03996530987507172
0.5,7.4,Pm4_R,0.054367909451675
0.5,7.4,Tm3_R,0.09611217579560816
0.5,7.4,Y3_R,0.0453833630469752
0.5,7.4,T4a_R,0.0139327905220743
0.5,7.5,Mi1_R,0.023842061314669434
0.5,7.5,Pm2a_R,0.04854907648403888
0.5,7.5,Pm1_R,0.051710591124074674
0.5,7.5,Pm2b_R,0.0414343074547189
0.5,7.5,Pm4_R,0.05672069096538347
0.5,7.5,Tm3_R,0.1010896366707264
0.5,7.5,Y3_R,0.047715169700653245
0.5,7.5,T4a_R,0.014754780612151037
0.5,7.6000000000000005,Mi1_R,0.027559648870827173
0.5,7.6000000000000005,Pm2a_R,0.05056529568129029
0.5,7.6000000000000005,Pm1_R,0.05453908903099469
0.5,7.6000000000000005,Pm2b_R,0.04299710363594523
0.5,7.6000000000000005,Pm4_R,0.05914358269259295
0.5,7.6000000000000005,Tm3_R,0.10626859156715246
0.5,7.6000000000000005,Y3_R,0.050104659160244376
0.5,7.6000000000000005,T4a_R,0.015601367961575595
0.5,7.7,Mi1_R,0.03130394050588832
0.5,7.7,Pm2a_R,0.05266937348515758
0.5,7.7,Pm1_R,0.057497577543533865
0.5,7.7,Pm2b_R,0.044656207412383034
0.5,7.7,Pm4_R,0.06163105744606003
0.5,7.7,Tm3_R,0.11162793072991975
0.5,7.7,Y3_R,0.052541540366736965
0.5,7.7,T4a_R,0.016467759173897707
0.5,7.800000000000001,Mi1_R,0.0350309366375894
0.5,7.800000000000001,Pm2a_R,0.05485720026182515
0.5,7.800000000000001,Pm1_R,0.060574901500918675
0.5,7.800000000000001,Pm2b_R,0.04641339917096455
0.5,7.800000000000001,Pm4_R,0.0641770583442166
0.5,7.800000000000001,Tm3_R,0.1171446022514692
0.5,7.800000000000001,Y3_R,0.05501501767479822
0.5,7.800000000000001,T4a_R,0.01734889402372601
0.5,7.9,Mi1_R,0.038696036978488925
0.5,7.9,Pm2a_R,0.0571238639862736
0.5,7.9,Pm1_R,0.06375871150666436
0.5,7.9,Pm2b_R,0.048269674614303155
0.5,7.9,Pm4_R,0.06677505091251396
0.5,7.9,Tm3_R,0.12279382928067267
0.5,7.9,Y3_R,0.05751390741493395
0.5,7.9,T4a_R,0.01823949942158537
0.5,8.0,Mi1_R,0.04225459162627701
0.5,8.0,Pm2a_R,0.059463673350350445
0.5,8.0,Pm1_R,0.06703557221419987
0.5,8.0,Pm2b_R,0.05022519562651265
0.5,8.0,Pm4_R,0.06941808080739315
0.5,8.0,Tm3_R,0.12854934728128267
0.5,8.0,Y3_R,0.06002676020354396
0.5,8.0,T4a_R,0.01913414640476712
1.0,0.0,Mi1_R,0.0
1.0,0.0,Pm2a_R,0.0
1.0,0.0,Pm1_R,0.0
1.0,0.0,Pm2b_R,0.0
1.0,0.0,Pm4_R,0.0
1.0,0.0,Tm3_R,0.0
1.0,0.0,Y3_R,0.0
1.0,0.0,T4a_R,0.0
1.0,0.1,Mi1_R,4.56256539966593e-06
1.0,0.1,Pm2a_R,1.2781063950368717e-06
1.0,0.1,Pm1_R,1.9780810702861967e-06
1.0,0.1,Pm2b_R,5.911640984629049e-07
1.0,0.1,Pm4_R,1.0685875449514007e-06
1.0,0.1,Tm3_R,3.5292772771936223e-06
1.0,0.1,Y3_R,1.506105605361383e-06
1.0,0.1,T4a_R,6.611967763355451e-07
1.0,0.2,Mi1_R,3.6398142340747085e-05
1.0,0.2,Pm2a_R,1.0201093173331929e-05
1.0,0.2,Pm1_R,1.5783286097935085e-05
1.0,0.2,Pm2b_R,4.72225833178828e-06
1.0,0.2,Pm4_R,8.529902689687743e-06
1.0,0.2,Tm3_R,2.8169461749372385e-05
1.0,0.2,Y3_R,1.2013573411655103e-05
1.0,0.2,T4a_R,5.27660720386839e-06
1.0,0.30000000000000004,Mi1_R,0.00012226956476483764
1.0,0.30000000000000004,Pm2a_R,3.4295415063419015e-05
1.0,0.30000000000000004,Pm1_R,5.303659540775542e-05
1.0,0.30000000000000004,Pm2b_R,1.589801310540175e-05
1.0,0.30000000000000004,Pm4_R,2.8682979548520277e-05
1.0,0.30000000000000004,Tm3_R,9.470867227140996e-05
1.0,0.30000000000000004,Y3_R,4.03480305260816e-05
1.0,0.30000000000000004,T4a_R,1.7735818365955025e-05
1.0,0.4,Mi1_R,0.00028792734305023036
1.0,0.4,Pm2a_R,8.085237034556634e-05
1.0,0.4,Pm1_R,0.00012494981278446583
1.0,0.4,Pm2b_R,3.7553097349674916e-05
1.0,0.4,Pm4_R,6.764199694124782e-05
1.0,0.4,Tm3_R,0.0002232940757009993
1.0,0.4,Y3_R,9.498652702742138e-05
1.0,0.4,T4a_R,4.1801293827153094e-05
1.0,0.5,Mi1_R,0.0005576234637185196
1.0,0.5,Pm2a_R,0.0001568147369570139
1.0,0.5,Pm1_R,0.00024212870994836324
1.0,0.5,Pm2b_R,7.301793024113032e-05
1.0,0.5,Pm4_R,0.00013125502430141485
1.0,0.5,Tm3_R,0.00043312290981809725
1.0,0.5,Y3_R,0.00018389043632882038
1.0,0.5,T4a_R,8.105498559281049e-05
1.0,0.6000000000000001,Mi1_R,0.0009536488152964006
1.0,0.6000000000000001,Pm2a_R,0.00026866840217357657
1.0,0.6000000000000001,Pm1_R,0.00041438532753994343
1.0,0.6000000000000001,Pm2b_R,0.00012548549686174814
1.0,0.6000000000000001,Pm4_R,0.00022500858874974016
1.0,0.6000000000000001,Tm3_R,0.0007421471299929989
1.0,0.6000000000000001,Y3_R,0.00031434685962094015
1.0,0.6000000000000001,T4a_R,0.000138829582199996
1.0,0.7000000000000001,Mi1_R,0.0014959015746129928
1.0,0.7000000000000001,Pm2a_R,0.0004223405452486328
1.0,0.7000000000000001,Pm1_R,0.0006505622819421332
1.0,0.7000000000000001,Pm2b_R,0.00019797949077950906
1.0,0.7000000000000001,Pm4_R,0.00035395514669690206
1.0,0.7000000000000001,Tm3_R,0.0011667959317241776
1.0,0.7000000000000001,Y3_R,0.0004928211666809428
1.0,0.7000000000000001,T4a_R,0.00021816110571660387
1.0,0.8,Mi1_R,0.002201493433831116
1.0,0.8,Pm2a_R,0.0006231058440435375
1.0,0.8,Pm1_R,0.0009583717570033648
1.0,0.8,Pm2b_R,0.0002933240965914775
1.0,0.8,Pm4_R,0.0005226386339626608
1.0,0.8,Tm3_R,0.0017217201582909194
1.0,0.8,Y3_R,0.0007248231356662437
1.0,0.8,T4a_R,0.00032173768157829164
1.0,0.9,Mi1_R,0.003084399993150348
1.0,0.9,Pm2a_R,0.0008755020684131894
1.0,0.9,Pm1_R,0.0013442516512927733
1.0,0.9,Pm2b_R,0.00041411571309104336
1.0,0.9,Pm4_R,0.0007350289573457284
1.0,0.9,Tm3_R,0.0024195623052386934
1.0,0.9,Y3_R,0.001014788947065206
1.0,0.9,T4a_R,0.00045185501930282494
1.0,1.0,Mi1_R,0.004155160995215448
1.0,1.0,Pm2a_R,0.001183256296372308
1.0,1.0,Pm1_R,0.0018132411078383773
1.0,1.0,Pm2b_R,0.0005626969029722587
1.0,1.0,Pm4_R,0.0009944648752300274
1.0,1.0,Tm3_R,0.003270755485185734
1.0,1.0,Y3_R,0.0013659810448339515
1.0,1.0,T4a_R,0.0006103777562542353
1.0,1.1,Mi1_R,0.005420635343970487
1.0,1.1,Pm2a_R,0.001549222845469434
1.0,1.1,Pm1_R,0.0023688773776542006
1.0,1.1,Pm2b_R,0.0007411328378999488
1.0,1.1,Pm4_R,0.0013036061236268986
1.0,1.1,Tm3_R,0.004283354322143497
1.0,1.1,Y3_R,0.0017804076043988013
1.0,1.1,T4a_R,0.0007987072588530491
1.0,1.2000000000000002,Mi1_R,0.006883815043376493
1.0,1.2000000000000002,Pm2a_R,0.001975333853261622
1.0,1.2000000000000002,Pm1_R,0.003013115664604908
1.0,1.2000000000000002,Pm2b_R,0.00095119048842461
1.0,1.2000000000000002,Pm4_R,0.0016643955166507829
1.0,1.2000000000000002,Tm3_R,0.005462900309360507
1.0,1.2000000000000002,Y3_R,0.0022587630466593418
1.0,1.2000000000000002,T4a_R,0.0010177563851528648
1.0,1.3,Mi1_R,0.008543701321469765
1.0,1.3,Pm2a_R,0.0024625632693424165
1.0,1.3,Pm1_R,0.003746273271412328
1.0,1.3,Pm2b_R,0.0011943207866948946
1.0,1.3,Pm4_R,0.0020780316127916596
1.0,1.3,Tm3_R,0.006812323694446008
1.0,1.3,Y3_R,0.002800390713763907
1.0,1.3,T4a_R,0.001267931615019455
1.0,1.4000000000000001,Mi1_R,0.010395245284991998
1.0,1.4000000000000001,Pm2a_R,0.003012174883489671
1.0,1.4000000000000001,Pm1_R,0.00456826906360996
1.0,1.4000000000000001,Pm2b_R,0.0014716439662910796
1.0,1.4000000000000001,Pm4_R,0.0025449523922960056
1.0,1.4000000000000001,Tm3_R,0.008331883456404314
1.0,1.4000000000000001,Y3_R,0.003403268480988664
1.0,1.4000000000000001,T4a_R,0.0015491228505713855
1.0,1.5,Mi1_R,0.012429354492308552
1.0,1.5,Pm2a_R,0.0036390306720643223
1.0,1.5,Pm1_R,0.005491934754295238
1.0,1.5,Pm2b_R,0.0017839382578853965
1.0,1.5,Pm4_R,0.0030648302384427566
1.0,1.5,Tm3_R,0.010019146417851316
1.0,1.5,Y3_R,0.004064017724533999
1.0,1.5,T4a_R,0.0018607010814723508
1.0,1.6,Mi1_R,0.014632965851144594
1.0,1.6,Pm2a_R,0.004332595740017695
1.0,1.6,Pm1_R,0.006504034332322447
1.0,1.6,Pm2b_R,0.0021316320919562287
1.0,1.6,Pm4_R,0.0036365783585699833
1.0,1.6,Tm3_R,0.011869005999025448
1.0,1.6,Y3_R,0.004777935702657471
1.0,1.6,T4a_R,0.002201523998583736
1.0,1.7000000000000002,Mi1_R,0.016989184256746948
1.0,1.7000000000000002,Pm2a_R,0.005091803977818131
1.0,1.7000000000000002,Pm1_R,0.007600155621743644
1.0,1.7000000000000002,Pm2b_R,0.0025201421134130376
1.0,1.7000000000000002,Pm4_R,0.004258368621421171
1.0,1.7000000000000002,Tm3_R,0.013873740575347487
1.0,1.7000000000000002,Y3_R,0.0055443932254740915
1.0,1.7000000000000002,T4a_R,0.002569949526871281
1.0,1.8,Mi1_R,0.019477485399553053
1.0,1.8,Pm2a_R,0.0059147952569456414
1.0,1.8,Pm1_R,0.008774484489101278
1.0,1.8,Pm2b_R,0.0029626007412542205
1.0,1.8,Pm4_R,0.004927660627921192
1.0,1.8,Tm3_R,0.016023110854505442
1.0,1.8,Y3_R,0.006369640585721271
1.0,1.8,T4a_R,0.0029638571358860536
1.0,1.9000000000000001,Mi1_R,0.022073980203395044
1.0,1.9000000000000001,Pm2a_R,0.006798941732694378
1.0,1.9000000000000001,Pm1_R,0.01001987878848683
1.0,1.9000000000000001,Pm2b_R,0.003448314942455028
1.0,1.9000000000000001,Pm4_R,0.005641241674954858
1.0,1.9000000000000001,Tm3_R,0.018312306326999966
1.0,1.9000000000000001,Y3_R,0.007243173514554538
1.0,1.9000000000000001,T4a_R,0.0033806766750877244
1.0,2.0,Mi1_R,0.024751737419554436
1.0,2.0,Pm2a_R,0.0077408842165427524
1.0,2.0,Pm1_R,0.011327962362414195
1.0,2.0,Pm2b_R,0.0039777152726345015
1.0,2.0,Pm4_R,0.00639527711825299
1.0,2.0,Tm3_R,0.020734644730237797
1.0,2.0,Y3_R,0.008165322414860723
1.0,2.0,T4a_R,0.0038174243733235212
1.0,2.1,Mi1_R,0.027481160012065724
1.0,2.1,Pm2a_R,0.00873657824180263
1.0,2.1,Pm1_R,0.012690474786727768
1.0,2.1,Pm2b_R,0.0045509306601228495
1.0,2.1,Pm4_R,0.007186607358551008
1.0,2.1,Tm3_R,0.023264692557687094
1.0,2.1,Y3_R,0.009118868857921764
1.0,2.1,T4a_R,0.004270745538331309
1.0,2.2,Mi1_R,0.03023041013837677
1.0,2.2,Pm2a_R,0.009781349328611608
1.0,2.2,Pm1_R,0.014118167640169448
1.0,2.2,Pm2b_R,0.005167781379079573
1.0,2.2,Pm4_R,0.008031582891545125
1.0,2.2,Tm3_R,0.025884819856568236
1.0,2.2,Y3_R,0.010095495724961743
1.0,2.2,T4a_R,0.0047369633946854825
1.0,2.3000000000000003,Mi1_R,0.03296587676888245
1.0,2.3000000000000003,Pm2a_R,0.01086995684187309
1.0,2.3000000000000003,Pm1_R,0.01558388424674893
1.0,2.3000000000000003,Pm2b_R,0.005827774520577472
1.0,2.3000000000000003,Pm4_R,0.00890907514522903
1.0,2.3000000000000003,Tm3_R,0.028575886717309856
1.0,2.3000000000000003,Y3_R,0.01108635360751363
1.0,2.3000000000000003,T4a_R,0.005212133408441336
1.0,2.4000000000000004,Mi1_R,0.03565267931005943
1.0,2.4000000000000004,Pm2a_R,0.011996665729769755
1.0,2.4000000000000004,Pm1_R,0.01707634197841885
1.0,2.4000000000000004,Pm2b_R,0.00653010224307039
1.0,2.4000000000000004,Pm4_R,0.00981418307311889
1.0,2.4000000000000004,Tm3_R,0.0313175174576838
1.0,2.4000000000000004,Y3_R,0.01208220085462841
1.0,2.4000000000000004,T4a_R,0.005692102365124825
1.0,2.5,Mi1_R,0.03825520000893974
1.0,2.5,Pm2a_R,0.01315532533217596
1.0,2.5,Pm1_R,0.01858371983341757
1.0,2.5,Pm2b_R,0.007273643070307954
1.0,2.5,Pm4_R,0.010741739193948809
1.0,2.5,Tm3_R,0.03408839559478
1.0,2.5,Y3_R,0.013073551924272172
1.0,2.5,T4a_R,0.006172571395822155
1.0,2.6,Mi1_R,0.04073763743022761
1.0,2.6,Pm2a_R,0.014339454358871021
1.0,2.6,Pm1_R,0.02009382720374759
1.0,2.6,Pm2b_R,0.008056966484986106
1.0,2.6,Pm4_R,0.011686392048147599
1.0,2.6,Tm3_R,0.036866575747813456
1.0,2.6,Y3_R,0.014050831907205581
1.0,2.6,T4a_R,0.006649162084891037
1.0,2.7,Mi1_R,0.0430645729188522
1.0,2.7,Pm2a_R,0.015542331057895481
1.0,2.7,Pm1_R,0.021594279887383796
1.0,2.7,Pm2b_R,0.008878341040180626
1.0,2.7,Pm4_R,0.012642692251456441
1.0,2.7,Tm3_R,0.0396298083654512
1.0,2.7,Y3_R,0.015004534983563925
1.0,2.7,T4a_R,0.007117484743198593
1.0,2.8000000000000003,Mi1_R,0.04520154169606449
1.0,2.8000000000000003,Pm2a_R,0.0167570875256774
1.0,2.8000000000000003,Pm1_R,0.02307268104202705
1.0,2.8000000000000003,Pm2b_R,0.00973574617798999
1.0,2.8000000000000003,Pm4_R,0.013605181020636571
1.0,2.8000000000000003,Tm3_R,0.04235587297485815
1.0,2.8000000000000003,Y3_R,0.015925384495511247
1.0,2.8000000000000003,T4a_R,0.007573207893426
1.0,2.9000000000000004,Mi1_R,0.047115600090642515
1.0,2.9000000000000004,Pm2a_R,0.01797680705350851
1.0,2.9000000000000004,Pm1_R,0.024516804698506027
1.0,2.9000000000000004,Pm2b_R,0.010626887906037384
1.0,2.9000000000000004,Pm4_R,0.014568480005552954
1.0,2.9000000000000004,Tm3_R,0.04502291550870645
1.0,2.9000000000000004,Y3_R,0.016804492274970943
1.0,2.9000000000000004,T4a_R,0.008012127989483905
1.0,3.0,Mi1_R,0.048775880381083325
1.0,3.0,Pm2a_R,0.019194623360237514
1.0,3.0,Pm1_R,0.025961971792221136
1.0,3.0,Pm2b_R,0.011549218437861962
1.0,3.0,Pm4_R,0.015527381235989113
1.0,3.0,Tm3_R,0.04760978518294126
1.0,3.0,Y3_R,0.017680707242765034
1.0,3.0,T4a_R,0.008430238380791075
1.0,3.1,Mi1_R,0.05015412482083007
1.0,3.1,Pm2a_R,0.020403820529272226
1.0,3.1,Pm1_R,0.027384652564293226
1.0,3.1,Pm2b_R,0.012499959853242777
1.0,3.1,Pm4_R,0.01647693598076771
1.0,3.1,Tm3_R,0.050096366373402916
1.0,3.1,Y3_R,0.018534187228154267
1.0,3.1,T4a_R,0.008823796534334382
1.0,3.2,Mi1_R,0.051225190635968
1.0,3.2,Pm2a_R,0.02159793244953018
1.0,3.2,Pm1_R,0.028751496122333704
1.0,3.2,Pm2b_R,0.013476131779702563
1.0,3.2,Pm4_R,0.017412541321270437
1.0,3.2,Tm3_R,0.052463900973951594
1.0,3.2,Y3_R,0.01933539493729725
1.0,3.2,T4a_R,0.009189388543051593
1.0,3.3000000000000003,Mi1_R,0.05196751812103391
1.0,3.3000000000000003,Pm2a_R,0.02277084055514334
1.0,3.3000000000000003,Pm1_R,0.030052960252971956
1.0,3.3000000000000003,Pm2b_R,0.014474583037507725
1.0,3.3000000000000003,Pm4_R,0.018330023261315463
1.0,3.3000000000000003,Tm3_R,0.054695296812274176
1.0,3.3000000000000003,Y3_R,0.020078691344083924
1.0,3.3000000000000003,T4a_R,0.00952398997800992
1.0,3.4000000000000004,Mi1_R,0.05236355440962707
1.0,3.4000000000000004,Pm2a_R,0.02391686866762566
1.0,3.4000000000000004,Pm1_R,0.0312804088047256
1.0,3.4000000000000004,Pm2b_R,0.015492027128225852
1.0,3.4000000000000004,Pm4_R,0.01922571523034425
1.0,3.4000000000000004,Tm3_R,0.056775417851030095
1.0,3.4000000000000004,Y3_R,0.02075939404681755
1.0,3.4000000000000004,T4a_R,0.00982502218381029
1.0,3.5,Mi1_R,0.052400126056723555
1.0,3.5,Pm2a_R,0.025030873766815433
1.0,3.5,Pm1_R,0.03242625537330014
1.0,3.5,Pm2b_R,0.016525081382167465
1.0,3.5,Pm4_R,0.02009653088662795
1.0,3.5,Tm3_R,0.0586913521096592
1.0,3.5,Y3_R,0.021373879591595556
1.0,3.5,T4a_R,0.010090403171049216
1.0,3.6,Mi1_R,0.0520687542318219
1.0,3.6,Pm2a_R,0.02610833155304577
1.0,3.6,Pm1_R,0.03348409556991232
1.0,3.6,Pm2b_R,0.01757030951380425
1.0,3.6,Pm4_R,0.02094003019116161
1.0,3.6,Tm3_R,0.060432653503527785
1.0,3.6,Y3_R,0.021919672355271255
1.0,3.6,T4a_R,0.010318592325938968
1.0,3.7,Mi1_R,0.05136590707764369
1.0,3.7,Pm2a_R,0.02714541571232778
1.0,3.7,Pm1_R,0.034448826073228904
1.0,3.7,Pm2b_R,0.01862426726752376
1.0,3.7,Pm4_R,0.0217544778003219
1.0,3.7,Tm3_R,0.06199155410892625
1.0,3.7,Y3_R,0.02239551854339323
1.0,3.7,T4a_R,0.010508628234424498
1.0,3.8000000000000003,Mi1_R,0.05029318462812425
1.0,3.8000000000000003,Pm2a_R,0.028139069858389223
1.0,3.8000000000000003,Pm1_R,0.035316748815857016
1.0,3.8000000000000003,Pm2b_R,0.019683550769967348
1.0,3.8000000000000003,Pm4_R,0.022538892915327076
1.0,3.8000000000000003,Tm3_R,0.06336314372096197
1.0,3.8000000000000003,Y3_R,0.022801444049683855
1.0,3.8000000000000003,T4a_R,0.010660159005396592
1.0,3.9000000000000004,Mi1_R,0.04885743259067559
1.0,3.9000000000000004,Pm2a_R,0.029087071199561533
1.0,3.9000000000000004,Pm1_R,0.036085658827653085
1.0,3.9000000000000004,Pm2b_R,0.020744847140765785
1.0,3.9000000000000004,Pm4_R,0.023293089827959173
1.0,3.9000000000000004,Tm3_R,0.06454551397209239
1.0,3.9000000000000004,Y3_R,0.023138795133397904
1.0,3.9000000000000004,T4a_R,0.010773464573772847
1.0,4.0,Mi1_R,0.04707078226897622
1.0,4.0,Pm2a_R,0.02998808506401705
1.0,4.0,Pm1_R,0.03675491444841041
1.0,4.0,Pm2b_R,0.021804986851899407
1.0,4.0,Pm4_R,0.024017708513702087
1.0,4.0,Tm3_R,0.06553986471700879
1.0,4.0,Y3_R,0.023410261096525935
1.0,4.0,T4a_R,0.010849470568051545
1.0,4.1000000000000005,Mi1_R,0.04495061492069781
1.0,4.1000000000000005,Pm2a_R,0.030841709512804433
1.0,4.1000000000000005,Pm1_R,0.03732548882945306
1.0,4.1000000000000005,Pm2b_R,0.02286099726831473
1.0,4.1000000000000005,Pm4_R,0.024714234744032004
1.0,4.1000000000000005,Tm3_R,0.06635057085926416
1.0,4.1000000000000005,Y3_R,0.023619878381363604
1.0,4.1000000000000005,T4a_R,0.010889753437107316
1.0,4.2,Mi1_R,0.042519449895804556
1.0,4.2,Pm2a_R,0.03164850937556042
1.0,4.2,Pm1_R,0.03780000186488917
1.0,4.2,Pm2b_R,0.023910156749907444
1.0,4.2,Pm4_R,0.02538500931764094
1.0,4.2,Tm3_R,0.0669852082905847
1.0,4.2,Y3_R,0.023773015757284608
1.0,4.2,T4a_R,0.010896536646052779
1.0,4.3,Mi1_R,0.039804756970968684
1.0,4.3,Pm2a_R,0.032410039157513025
1.0,4.3,Pm1_R,0.03818273192606931
1.0,4.3,Pm2b_R,0.024950048648641615
1.0,4.3,Pm4_R,0.026033226144293195
1.0,4.3,Tm3_R,0.06745453812896625
1.0,4.3,Y3_R,0.0238763405203993
1.0,4.3,T4a_R,0.010872677869447013
1.0,4.4,Mi1_R,0.03683869436954124
1.0,4.4,Pm2a_R,0.0331288543872975
1.0,4.4,Pm1_R,0.03847960701441269
1.0,4.4,Pm2b_R,0.025978614495457197
1.0,4.4,Pm4_R,0.026662919053176727
1.0,4.4,Tm3_R,0.06777244896993455
1.0,4.4,Y3_R,0.02393776588771858
1.0,4.4,T4a_R,0.010821647230418795
1.0,4.5,Mi1_R,0.03365777501955255
1.0,4.5,Pm2a_R,0.03380851110181672
1.0,4.5,Pm1_R,0.038698175195287704
1.0,4.5,Pm2b_R,0.02699420564065153
1.0,4.5,Pm4_R,0.027278937338333427
1.0,4.5,Tm3_R,0.06795585740007123
1.0,4.5,Y3_R,0.02396638002508739
1.0,4.5,T4a_R,0.010747496754826573
1.0,4.6000000000000005,Mi1_R,0.03030246463961192
1.0,4.6000000000000005,Pm2a_R,0.03445355329558679
1.0,4.6000000000000005,Pm1_R,0.03884755442610205
1.0,4.6000000000000005,Pm2b_R,0.027995632589507567
1.0,4.6000000000000005,Pm4_R,0.027886910195282576
1.0,4.6000000000000005,Tm3_R,0.06802456755629802
1.0,4.6000000000000005,Y3_R,0.023972357402007153
1.0,4.6000000000000005,T4a_R,0.010654821328789974
1.0,4.7,Mi1_R,0.02683761806232355
1.0,4.7,Pm2a_R,0.03506948829625036
1.0,4.7,Pm1_R,0.03893836214214729
1.0,4.7,Pm2b_R,0.028982211262824145
1.0,4.7,Pm4_R,0.028514102166049604
1.0,4.7,Tm3_R,0.06800109104168446
1.0,4.7,Y3_R,0.023966853413152838
1.0,4.7,T4a_R,0.010548711564231344
1.0,4.800000000000001,Mi1_R,0.023294228777380577
1.0,4.800000000000001,Pm2a_R,0.03566275016378866
1.0,4.800000000000001,Pm1_R,0.03898262521107556
1.0,4.800000000000001,Pm2b_R,0.029953805410351857
1.0,4.800000000000001,Pm4_R,0.029151629477245096
1.0,4.800000000000001,Tm3_R,0.0679104290220122
1.0,4.800000000000001,Y3_R,0.02396188344254056
1.0,4.800000000000001,T4a_R,0.010434699088886222
1.0,4.9,Mi1_R,0.019700263531711375
1.0,4.9,Pm2a_R,0.0362406513469002
1.0,4.9,Pm1_R,0.038993671108122005
1.0,4.9,Pm2b_R,0.030910864414441908
1.0,4.9,Pm4_R,0.029785803269111778
1.0,4.9,Tm3_R,0.0677798188204096
1.0,4.9,Y3_R,0.0239701877687242
1.0,4.9,T4a_R,0.010318694883112359
1.0,5.0,Mi1_R,0.016104680399349806
1.0,5.0,Pm2a_R,0.036811322964579174
1.0,5.0,Pm1_R,0.03898600139647748
1.0,5.0,Pm2b_R,0.03185445574185598
1.0,5.0,Pm4_R,0.03042269162091813
1.0,5.0,Tm3_R,0.06763844779381424
1.0,5.0,Y3_R,0.024005083915026114
1.0,5.0,T4a_R,0.010206921384290666
1.0,5.1000000000000005,Mi1_R,0.012557682718829183
1.0,5.1000000000000005,Pm2a_R,0.03738364421258859
1.0,5.1000000000000005,Pm1_R,0.03897514881770328
1.0,5.1000000000000005,Pm2b_R,0.03278629133386291
1.0,5.1000000000000005,Pm4_R,0.031068945679341185
1.0,5.1000000000000005,Tm3_R,0.06751713770880555
1.0,5.1000000000000005,Y3_R,0.024080308234818666
1.0,5.1000000000000005,T4a_R,0.010105839169350381
1.0,5.2,Mi1_R,0.009143828840976987
1.0,5.2,Pm2a_R,0.0379671615218662
1.0,5.2,Pm1_R,0.03897751950311865
1.0,5.2,Pm2b_R,0.033708747268520606
1.0,5.2,Pm4_R,0.031765502250547216
1.0,5.2,Tm3_R,0.06744800322994152
1.0,5.2,Y3_R,0.02420984868564521
1.0,5.2,T4a_R,0.010022069105731786
1.0,5.300000000000001,Mi1_R,0.006091043264031907
1.0,5.300000000000001,Pm2a_R,0.03857199821745644
1.0,5.300000000000001,Pm1_R,0.03901022200617405
1.0,5.300000000000001,Pm2b_R,0.03462487608426075
1.0,5.300000000000001,Pm4_R,0.032528064746082455
1.0,5.300000000000001,Tm3_R,0.06746408848598553
1.0,5.300000000000001,Y3_R,0.02440777088522202
1.0,5.300000000000001,T4a_R,0.010131446643893996
1.0,5.4,Mi1_R,0.003496589356320929
1.0,5.4,Pm2a_R,0.039208755540987364
1.0,5.4,Pm1_R,0.03909088502564531
1.0,5.4,Pm2b_R,0.035538411220289536
1.0,5.4,Pm4_R,0.033348114886634014
1.0,5.4,Tm3_R,0.06759898598380931
1.0,5.4,Y3_R,0.024688039655060875
1.0,5.4,T4a_R,0.010504508806711286
1.0,5.5,Mi1_R,0.0017383075018766775
1.0,5.5,Pm2a_R,0.03988840600568515
1.0,5.5,Pm1_R,0.03929401761877328
1.0,5.5,Pm2b_R,0.036453763106387524
1.0,5.5,Pm4_R,0.03423511745383609
1.0,5.5,Tm3_R,0.06843366267218774
1.0,5.5,Y3_R,0.025064338341948697
1.0,5.5,T4a_R,0.010872275991054054
1.0,5.6000000000000005,Mi1_R,0.003006333915146137
1.0,5.6000000000000005,Pm2a_R,0.04076440911582629
1.0,5.6000000000000005,Pm1_R,0.040741317167281826
1.0,5.6000000000000005,Pm2b_R,0.037376006521804526
1.0,5.6000000000000005,Pm4_R,0.035198478665975745
1.0,5.6000000000000005,Tm3_R,0.07090495887856757
1.0,5.6000000000000005,Y3_R,0.025549888262518024
1.0,5.6000000000000005,T4a_R,0.011234882766493426
1.0,5.7,Mi1_R,0.00490212296791134
1.0,5.7,Pm2a_R,0.04204856247971536
1.0,5.7,Pm1_R,0.04215450120190487
1.0,5.7,Pm2b_R,0.03864540240674484
1.0,5.7,Pm4_R,0.036247434795331476
1.0,5.7,Tm3_R,0.07332737844025888
1.0,5.7,Y3_R,0.026200012494995532
1.0,5.7,T4a_R,0.01159271205276198
1.0,5.800000000000001,Mi1_R,0.006737963371475555
1.0,5.800000000000001,Pm2a_R,0.04332960322033722
1.0,5.800000000000001,Pm1_R,0.04353326164888382
1.0,5.800000000000001,Pm2b_R,0.03995103197197513
1.0,5.800000000000001,Pm4_R,0.037390940595946644
1.0,5.800000000000001,Tm3_R,0.07570142460532231
1.0,5.800000000000001,Y3_R,0.027092752351039816
1.0,5.800000000000001,T4a_R,0.011946402753980989
1.0,5.9,Mi1_R,0.0081584689421612
1.0,5.9,Pm2a_R,0.044610607111448285
1.0,5.9,Pm1_R,0.044878371365482575
1.0,5.9,Pm2b_R,0.0412411706925681
1.0,5.9,Pm4_R,0.038637558883286106
1.0,5.9,Tm3_R,0.07802934045616915
1.0,5.9,Y3_R,0.027963333305249485
1.0,5.9,T4a_R,0.012296853831736312
1.0,6.0,Mi1_R,0.009141324353310259
1.0,6.0,Pm2a_R,0.04589533506454024
1.0,6.0,Pm1_R,0.04619172324967518
1.0,6.0,Pm2b_R,0.04251829590895196
1.0,6.0,Pm4_R,0.03999535260620492
1.0,6.0,Tm3_R,0.0803151557586418
1.0,6.0,Y3_R,0.028823038572383435
1.0,6.0,T4a_R,0.012645224613080338
1.0,6.1000000000000005,Mi1_R,0.010010137046007159
1.0,6.1000000000000005,Pm2a_R,0.047188218371383005
1.0,6.1000000000000005,Pm1_R,0.04747635447938483
1.0,6.1000000000000005,Pm2b_R,0.043785795000505646
1.0,6.1000000000000005,Pm4_R,0.04147178073443685
1.0,6.1000000000000005,Tm3_R,0.08256470904466155
1.0,6.1000000000000005,Y3_R,0.030024865481341104
1.0,6.1000000000000005,T4a_R,0.01299293117834638
1.0,6.2,Mi1_R,0.010567428007323198
1.0,6.2,Pm2a_R,0.04849433373311333
1.0,6.2,Pm1_R,0.04873645503435512
1.0,6.2,Pm2b_R,0.04504796112011594
1.0,6.2,Pm4_R,0.04307359925149606
1.0,6.2,Tm3_R,0.08478564374752094
1.0,6.2,Y3_R,0.03139606543284029
1.0,6.2,T4a_R,0.01334163872621981
1.0,6.300000000000001,Mi1_R,0.0107989568383695
1.0,6.300000000000001,Pm2a_R,0.04981936798277462
1.0,6.300000000000001,Pm1_R,0.04997735985312309
1.0,6.300000000000001,Pm2b_R,0.04630997543550213
1.0,6.300000000000001,Pm4_R,0.0448067684938238
1.0,6.300000000000001,Tm3_R,0.08698737754814612
1.0,6.300000000000001,Y3_R,0.032942069896479714
1.0,6.300000000000001,T4a_R,0.013693249869092707
1.0,6.4,Mi1_R,0.010694256500098056
1.0,6.4,Pm2a_R,0.05116957254794662
1.0,6.4,Pm1_R,0.05120552419086757
1.0,6.4,Pm2b_R,0.04757787565641828
1.0,6.4,Pm4_R,0.04667636801267897
1.0,6.4,Tm3_R,0.08918104445042599
1.0,6.4,Y3_R,0.03466668361291884
1.0,6.4,T4a_R,0.014049888869617203
1.0,6.5,Mi1_R,0.01024683229322655
1.0,6.5,Pm2a_R,0.05255170784361195
1.0,6.5,Pm1_R,0.05242848196842892
1.0,6.5,Pm2b_R,0.04885851081624073
1.0,6.5,Pm4_R,0.04868652005643551
1.0,6.5,Tm3_R,0.09137940947928994
1.0,6.5,Y3_R,0.03657200465181331
1.0,6.5,T4a_R,0.014413881888778136
1.0,6.6000000000000005,Mi1_R,0.009454313841795558
1.0,6.6000000000000005,Pm2a_R,0.05397297793080976
1.0,6.6000000000000005,Pm1_R,0.0536547871355718
1.0,6.6000000000000005,Pm2b_R,0.050159482471087986
1.0,6.6000000000000005,Pm4_R,0.05084032267839889
1.0,6.6000000000000005,Tm3_R,0.09359675628161306
1.0,6.6000000000000005,Y3_R,0.03865836443452088
1.0,6.6000000000000005,T4a_R,0.014787733375885818
1.0,6.7,Mi1_R,0.008318557581355858
1.0,6.7,Pm2a_R,0.05544095592191904
1.0,6.7,Pm1_R,0.05489393830957759
1.0,6.7,Pm2b_R,0.051489072676898506
1.0,6.7,Pm4_R,0.053139793370134684
1.0,6.7,Tm3_R,0.0958487483019879
1.0,6.7,Y3_R,0.040924288745432746
1.0,6.7,T4a_R,0.015174098790821816
1.0,6.800000000000001,Mi1_R,0.008189681054900136
1.0,6.800000000000001,Pm2a_R,0.05755207296145842
1.0,6.800000000000001,Pm1_R,0.05615628719021656
1.0,6.800000000000001,Pm2b_R,0.05285615930199958
1.0,6.800000000000001,Pm4_R,0.05558582400372558
1.0,6.800000000000001,Tm3_R,0.09870118077581394
1.0,6.800000000000001,Y3_R,0.043366480497186506
1.0,6.800000000000001,T4a_R,0.015782248716982895
1.0,6.9,Mi1_R,0.010484316957250635
1.0,6.9,Pm2a_R,0.05990499854826845
1.0,6.9,Pm1_R,0.05745293149083647
1.0,6.9,Pm2b_R,0.05427011942694752
1.0,6.9,Pm4_R,0.058178147739744016
1.0,6.9,Tm3_R,0.1038339910836554
1.0,6.9,Y3_R,0.045979824744420084
1.0,6.9,T4a_R,0.016768620766681588
1.0,7.0,Mi1_R,0.014398213272575051
1.0,7.0,Pm2a_R,0.06242803721356204
1.0,7.0,Pm1_R,0.060236934931451935
1.0,7.0,Pm2b_R,0.05574072177193361
1.0,7.0,Pm4_R,0.060915318422485
1.0,7.0,Tm3_R,0.1093914518277525
1.0,7.0,Y3_R,0.04875741616161147
1.0,7.0,T4a_R,0.017830198350680976
1.0,7.1000000000000005,Mi1_R,0.01877119930197673
1.0,7.1000000000000005,Pm2a_R,0.06512211157140456
1.0,7.1000000000000005,Pm1_R,0.06338452347535911
1.0,7.1000000000000005,Pm2b_R,0.05727800927214217
1.0,7.1000000000000005,Pm4_R,0.06379470284171534
1.0,7.1000000000000005,Tm3_R,0.11536374164892452
1.0,7.1000000000000005,Y3_R,0.0516906089164018
1.0,7.1000000000000005,T4a_R,0.018963326629873153
1.0,7.2,Mi1_R,0.02364803814394115
1.0,7.2,Pm2a_R,0.06798673935424607
1.0,7.2,Pm1_R,0.06676889693412778
1.0,7.2,Pm2b_R,0.05910306470988449
1.0,7.2,Pm4_R,0.06681248609255677
1.0,7.2,Tm3_R,0.12173690828202255
1.0,7.2,Y3_R,0.05476908858428359
1.0,7.2,T4a_R,0.020163538131989858
1.0,7.300000000000001,Mi1_R,0.029076738298990795
1.0,7.300000000000001,Pm2a_R,0.07102000172176905
1.0,7.300000000000001,Pm1_R,0.07038400107831443
1.0,7.300000000000001,Pm2b_R,0.06132196156701192
1.0,7.300000000000001,Pm4_R,0.06996369011381597
1.0,7.300000000000001,Tm3_R,0.12849295526029575
1.0,7.300000000000001,Y3_R,0.05798096546730939
1.0,7.300000000000001,T4a_R,0.021425590909330668
1.0,7.4,Mi1_R,0.034747627126265015
1.0,7.4,Pm2a_R,0.07421852560300156
1.0,7.4,Pm1_R,0.07422161604182904
1.0,7.4,Pm2b_R,0.06368711044312138
1.0,7.4,Pm4_R,0.0732422053319295
1.0,7.4,Tm3_R,0.135609975108356
1.0,7.4,Y3_R,0.06131288840215218
1.0,7.4,T4a_R,0.02274351650442268
1.0,7.5,Mi1_R,0.040599974277522974
1.0,7.5,Pm2a_R,0.07757748045650636
1.0,7.5,Pm1_R,0.07827140556531792
1.0,7.5,Pm2b_R,0.06620315220927896
1.0,7.5,Pm4_R,0.0766408351844871
1.0,7.5,Tm3_R,0.1430623278042991
1.0,7.5,Y3_R,0.0647501778750927
1.0,7.5,T4a_R,0.024110677234416695
1.0,7.6000000000000005,Mi1_R,0.04656953067454191
1.0,7.6000000000000005,Pm2a_R,0.08109058968627718
1.0,7.6000000000000005,Pm1_R,0.08252098931092446
1.0,7.6000000000000005,Pm2b_R,0.06887370954689019
1.0,7.6000000000000005,Pm4_R,0.08015135314584
1.0,7.6000000000000005,Tm3_R,0.15082086274911574
1.0,7.6000000000000005,Y3_R,0.06827697700670458
1.0,7.6000000000000005,T4a_R,0.025519832184613386
1.0,7.7,Mi1_R,0.05258927514329906
1.0,7.7,Pm2a_R,0.08475015679993143
1.0,7.7,Pm1_R,0.08695603763791658
1.0,7.7,Pm2b_R,0.07170129853664312
1.0,7.7,Pm4_R,0.08376457172941805
1.0,7.7,Tm3_R,0.15885318195884526
1.0,7.7,Y3_R,0.07187641873059938
1.0,7.7,T4a_R,0.026963211187953504
1.0,7.800000000000001,Mi1_R,0.058590207236333465
1.0,7.800000000000001,Pm2a_R,0.08854710624243503
1.0,7.800000000000001,Pm1_R,0.09156038797594163
1.0,7.800000000000001,Pm2b_R,0.07468724914682501
1.0,7.800000000000001,Pm4_R,0.08747042279879019
1.0,7.800000000000001,Tm3_R,0.16712394169839506
1.0,7.800000000000001,Y3_R,0.07553080727162571
1.0,7.800000000000001,T4a_R,0.028432595962127435
1.0,7.9,Mi1_R,0.06450217658129703
1.0,7.9,Pm2a_R,0.092471038684544
1.0,7.9,Pm1_R,0.09631618168903433
1.0,7.9,Pm2b_R,0.07783163591425583
1.0,7.9,Pm4_R,0.09125804838394048
1.0,7.9,Tm3_R,0.17559518931160925
1.0,7.9,Y3_R,0.07922181183236261
1.0,7.9,T4a_R,0.02991940748050032
1.0,8.0,Mi1_R,0.07025473851681152
1.0,8.0,Pm2a_R,0.09651030039199622
1.0,8.0,Pm1_R,0.10120402009173576
1.0,8.0,Pm2b_R,0.08113322003264045
1.0,8.0,Pm4_R,0.09511590107228853
1.0,8.0,Tm3_R,0.18422673157567943
1.0,8.0,Y3_R,0.08293067022520492
1.0,8.0,T4a_R,0.03141479856858135
