model,repeat,test_accuracy,validation_accuracy,shots_per_observable
classical_PCA3_linear,0,0.9333333333333333,1.0,0
classical_PCA3_RBF,0,0.9777777777777777,0.9705882352941176,0
classical_full13_RBF,0,0.9555555555555556,0.9705882352941176,0
ideal_exact,0,0.9333333333333333,1.0,0
synthetic_noise_exact,0,0.9333333333333333,1.0,0
synthetic_noise_finite_shots,0,0.9555555555555556,,128
synthetic_noise_finite_shots,1,0.9333333333333333,,128
synthetic_noise_finite_shots,2,0.9555555555555556,,128
synthetic_noise_finite_shots,3,0.9111111111111111,,128
synthetic_noise_finite_shots,4,0.9555555555555556,,128
synthetic_noise_finite_shots,5,0.9333333333333333,,128
synthetic_noise_finite_shots,6,0.9111111111111111,,128
synthetic_noise_finite_shots,7,0.9333333333333333,,128
synthetic_noise_finite_shots,8,0.9111111111111111,,128
synthetic_noise_finite_shots,9,0.9333333333333333,,128
synthetic_noise_finite_shots,10,0.9111111111111111,,128
synthetic_noise_finite_shots,11,0.9555555555555556,,128
synthetic_noise_finite_shots,12,0.9111111111111111,,128
synthetic_noise_finite_shots,13,0.9555555555555556,,128
synthetic_noise_finite_shots,14,0.9555555555555556,,128
synthetic_noise_finite_shots,15,0.9333333333333333,,128
synthetic_noise_finite_shots,16,0.9333333333333333,,128
synthetic_noise_finite_shots,17,0.9111111111111111,,128
synthetic_noise_finite_shots,18,0.8888888888888888,,128
synthetic_noise_finite_shots,19,0.9555555555555556,,128
synthetic_noise_finite_shots,0,0.9555555555555556,,1024
synthetic_noise_finite_shots,1,0.9333333333333333,,1024
synthetic_noise_finite_shots,2,0.9333333333333333,,1024
synthetic_noise_finite_shots,3,0.9333333333333333,,1024
synthetic_noise_finite_shots,4,0.9555555555555556,,1024
synthetic_noise_finite_shots,5,0.9333333333333333,,1024
synthetic_noise_finite_shots,6,0.9555555555555556,,1024
synthetic_noise_finite_shots,7,0.9333333333333333,,1024
synthetic_noise_finite_shots,8,0.9555555555555556,,1024
synthetic_noise_finite_shots,9,0.9555555555555556,,1024
synthetic_noise_finite_shots,10,0.9333333333333333,,1024
synthetic_noise_finite_shots,11,0.9333333333333333,,1024
synthetic_noise_finite_shots,12,0.9111111111111111,,1024
synthetic_noise_finite_shots,13,0.9333333333333333,,1024
synthetic_noise_finite_shots,14,0.9333333333333333,,1024
synthetic_noise_finite_shots,15,0.9555555555555556,,1024
synthetic_noise_finite_shots,16,0.9333333333333333,,1024
synthetic_noise_finite_shots,17,0.9555555555555556,,1024
synthetic_noise_finite_shots,18,0.9555555555555556,,1024
synthetic_noise_finite_shots,19,0.9333333333333333,,1024
