case,time,shots,repeat,seed,gate_error,readout_error,tv_from_ideal,tv_from_noisy_exact
ideal,4.0,256,0,2282,0.0,0.0,0.03089196465545324,0.03089196465545279
ideal,4.0,256,1,2283,0.0,0.0,0.023620117162608555,0.02362011716260875
ideal,4.0,256,2,2284,0.0,0.0,0.04646660187846806,0.046466601878468586
ideal,4.0,256,3,2285,0.0,0.0,0.0382230405891177,0.03822304058911763
ideal,4.0,256,4,2286,0.0,0.0,0.043838431645108915,0.043838431645108235
ideal,4.0,256,5,2287,0.0,0.0,0.04278275850935523,0.042782758509355034
ideal,4.0,256,6,2288,0.0,0.0,0.04315474149064477,0.043154741490644966
ideal,4.0,256,7,2289,0.0,0.0,0.044604671445276425,0.04460467144527752
ideal,4.0,256,8,2290,0.0,0.0,0.09271198269633152,0.09271198269633142
ideal,4.0,256,9,2291,0.0,0.0,0.027175414341440687,0.027175414341440742
ideal,4.0,256,10,2292,0.0,0.0,0.030695895024646286,0.03069589502464625
ideal,4.0,256,11,2293,0.0,0.0,0.03483270474080891,0.03483270474080976
ideal,4.0,1024,0,3050,0.0,0.0,0.02278228463669462,0.022782284636694367
ideal,4.0,1024,1,3051,0.0,0.0,0.018168918183205852,0.01816891818320659
ideal,4.0,1024,2,3052,0.0,0.0,0.018128855647317497,0.018128855647317536
ideal,4.0,1024,3,3053,0.0,0.0,0.03932162307909156,0.0393216230790912
ideal,4.0,1024,4,3054,0.0,0.0,0.014204809808508233,0.014204809808507798
ideal,4.0,1024,5,3055,0.0,0.0,0.023984494211622576,0.023984494211622638
ideal,4.0,1024,6,3056,0.0,0.0,0.01716972687846806,0.01716972687846859
ideal,4.0,1024,7,3057,0.0,0.0,0.029712250001267648,0.02971225000126813
ideal,4.0,1024,8,3058,0.0,0.0,0.014306689255723521,0.01430668925572303
ideal,4.0,1024,9,3059,0.0,0.0,0.032030521109545296,0.032030521109545365
ideal,4.0,1024,10,3060,0.0,0.0,0.016708443354891085,0.016708443354891765
ideal,4.0,1024,11,3061,0.0,0.0,0.03641013856417695,0.03641013856417793
ideal,4.0,4096,0,6122,0.0,0.0,0.014386641042914795,0.014386641042915378
ideal,4.0,4096,1,6123,0.0,0.0,0.012478100942699811,0.012478100942699417
ideal,4.0,4096,2,6124,0.0,0.0,0.004197156973014322,0.0041971569730144195
ideal,4.0,4096,3,6125,0.0,0.0,0.012462780001055343,0.012462780001054986
ideal,4.0,4096,4,6126,0.0,0.0,0.005608961329255702,0.005608961329255997
ideal,4.0,4096,5,6127,0.0,0.0,0.0045791898541138,0.004579189854114013
ideal,4.0,4096,6,6128,0.0,0.0,0.011030896350517858,0.011030896350518547
ideal,4.0,4096,7,6129,0.0,0.0,0.009289359022331469,0.009289359022331977
ideal,4.0,4096,8,6130,0.0,0.0,0.008136609086458432,0.00813660908645784
ideal,4.0,4096,9,6131,0.0,0.0,0.012694523333018218,0.012694523333018033
ideal,4.0,4096,10,6132,0.0,0.0,0.009276554583018218,0.009276554583018033
ideal,4.0,4096,11,6133,0.0,0.0,0.012728654620168171,0.012728654620168537
ideal,8.0,256,0,102282,0.0,0.0,0.07633789219268726,0.07633789219268575
ideal,8.0,256,1,102283,0.0,0.0,0.056750418137677554,0.05675041813767703
ideal,8.0,256,2,102284,0.0,0.0,0.06068236471058239,0.060682364710580486
ideal,8.0,256,3,102285,0.0,0.0,0.08514772590240186,0.08514772590240174
ideal,8.0,256,4,102286,0.0,0.0,0.06425787635833485,0.06425787635833467
ideal,8.0,256,5,102287,0.0,0.0,0.0552087103496677,0.05520871034966664
ideal,8.0,256,6,102288,0.0,0.0,0.04852196364801928,0.048521963648019695
ideal,8.0,256,7,102289,0.0,0.0,0.04724197999094715,0.04724197999094837
ideal,8.0,256,8,102290,0.0,0.0,0.1151436363141394,0.11514363631413951
ideal,8.0,256,9,102291,0.0,0.0,0.05260214776443989,0.05260214776443935
ideal,8.0,256,10,102292,0.0,0.0,0.055674896079130905,0.05567489607913062
ideal,8.0,256,11,102293,0.0,0.0,0.04995197178867959,0.04995197178867844
ideal,8.0,1024,0,103050,0.0,0.0,0.028071042570463757,0.02807104257046258
ideal,8.0,1024,1,103051,0.0,0.0,0.013014221684913728,0.01301422168491512
ideal,8.0,1024,2,103052,0.0,0.0,0.018838414754098164,0.01883841475409669
ideal,8.0,1024,3,103053,0.0,0.0,0.01336053691919452,0.013360536919194765
ideal,8.0,1024,4,103054,0.0,0.0,0.033312918137677554,0.03331291813767703
ideal,8.0,1024,5,103055,0.0,0.0,0.045280330632003096,0.045280330632001625
ideal,8.0,1024,6,103056,0.0,0.0,0.02205581658947263,0.022055816589473278
ideal,8.0,1024,7,103057,0.0,0.0,0.02280714628123255,0.022807146281232368
ideal,8.0,1024,8,103058,0.0,0.0,0.018456377710031155,0.018456377710029625
ideal,8.0,1024,9,103059,0.0,0.0,0.03180431170887895,0.031804311708879776
ideal,8.0,1024,10,103060,0.0,0.0,0.0286797213868389,0.02867972138683848
ideal,8.0,1024,11,103061,0.0,0.0,0.0327477728496677,0.03274777284966664
ideal,8.0,4096,0,106122,0.0,0.0,0.007979102044745752,0.007979102044745622
ideal,8.0,4096,1,106123,0.0,0.0,0.011215459121169035,0.01121545912116972
ideal,8.0,4096,2,106124,0.0,0.0,0.015769688611771214,0.015769688611772106
ideal,8.0,4096,3,106125,0.0,0.0,0.011272268028237232,0.011272268028238306
ideal,8.0,4096,4,106126,0.0,0.0,0.009523926174572003,0.009523926174572466
ideal,8.0,4096,5,106127,0.0,0.0,0.012786051185860596,0.01278605118586049
ideal,8.0,4096,6,106128,0.0,0.0,0.02614563485021893,0.02614563485021749
ideal,8.0,4096,7,106129,0.0,0.0,0.009734430150460738,0.009734430150461468
ideal,8.0,4096,8,106130,0.0,0.0,0.009918991848052021,0.009918991848053626
ideal,8.0,4096,9,106131,0.0,0.0,0.017215453136287667,0.017215453136287622
ideal,8.0,4096,10,106132,0.0,0.0,0.018225437190637503,0.018225437190635737
ideal,8.0,4096,11,106133,0.0,0.0,0.01995350079112105,0.01995350079112022
gate_0.002,4.0,256,0,2282,0.002,0.0,0.04585801285645319,0.026588563394074314
gate_0.002,4.0,256,1,2283,0.002,0.0,0.0266176011707443,0.03428763955831843
gate_0.002,4.0,256,2,2284,0.002,0.0,0.03830314905730019,0.05298885835281528
gate_0.002,4.0,256,3,2285,0.002,0.0,0.05487349149064477,0.038211057739523394
gate_0.002,4.0,256,4,2286,0.002,0.0,0.0506162886694769,0.03476368989821642
gate_0.002,4.0,256,5,2287,0.002,0.0,0.026474068354891085,0.04032224851040017
gate_0.002,4.0,256,6,2288,0.002,0.0,0.06148301285645319,0.0447340980760169
gate_0.002,4.0,256,7,2289,0.002,0.0,0.032552624456193516,0.03915787992079626
gate_0.002,4.0,256,8,2290,0.002,0.0,0.075515890577431,0.09430426207948928
gate_0.002,4.0,256,9,2291,0.002,0.0,0.02752974149064477,0.022568889558318428
gate_0.002,4.0,256,10,2292,0.002,0.0,0.03925557401402341,0.050944719468728264
gate_0.002,4.0,256,11,2293,0.002,0.0,0.022205188748944657,0.029128509218765416
gate_0.002,4.0,1024,0,3050,0.002,0.0,0.04006306003655272,0.022297468031271736
gate_0.002,4.0,1024,1,3051,0.002,0.0,0.018234109422569006,0.016433196718765416
gate_0.002,4.0,1024,2,3052,0.002,0.0,0.03760336546847695,0.02099100211394718
gate_0.002,4.0,1024,3,3053,0.002,0.0,0.058258343460191035,0.037983227212145476
gate_0.002,4.0,1024,4,3054,0.002,0.0,0.03225056003655272,0.015328695552767332
gate_0.002,4.0,1024,5,3055,0.002,0.0,0.009407589655453243,0.021587085287854524
gate_0.002,4.0,1024,6,3056,0.002,0.0,0.015826525269217222,0.01894200583131968
gate_0.002,4.0,1024,7,3057,0.002,0.0,0.04006306003655272,0.03768022979576243
gate_0.002,4.0,1024,8,3058,0.002,0.0,0.02838176730366848,0.010556178067040147
gate_0.002,4.0,1024,9,3059,0.002,0.0,0.045475979975353714,0.027288808054521302
gate_0.002,4.0,1024,10,3060,0.002,0.0,0.017431677327266852,0.023111070862116775
gate_0.002,4.0,1024,11,3061,0.002,0.0,0.026926007294852606,0.03720475492079626
gate_0.002,4.0,4096,0,6122,0.002,0.0,0.016680741794476903,0.010173235093728264
gate_0.002,4.0,4096,1,6123,0.002,0.0,0.0327940230444769,0.013040416043680319
gate_0.002,4.0,4096,2,6124,0.002,0.0,0.020831132419476903,0.004978192420796258
gate_0.002,4.0,4096,3,6125,0.002,0.0,0.01625688272457643,0.013140662684316292
gate_0.002,4.0,4096,4,6126,0.002,0.0,0.025958085544476903,0.006509223329237569
gate_0.002,4.0,4096,5,6127,0.002,0.0,0.024981523044476903,0.007985802396970238
gate_0.002,4.0,4096,6,6128,0.002,0.0,0.02649290780277679,0.007960919476783585
gate_0.002,4.0,4096,7,6129,0.002,0.0,0.016316997231453193,0.012803114423906668
gate_0.002,4.0,4096,8,6130,0.002,0.0,0.02944047647457643,0.009805858180954176
gate_0.002,4.0,4096,9,6131,0.002,0.0,0.029376054294476903,0.01164752740004682
gate_0.002,4.0,4096,10,6132,0.002,0.0,0.025469804294476903,0.006337547759696381
gate_0.002,4.0,4096,11,6133,0.002,0.0,0.02224079441155272,0.018509128445482022
gate_0.002,8.0,256,0,102282,0.002,0.0,0.06192325419323849,0.07338961122795054
gate_0.002,8.0,256,1,102283,0.002,0.0,0.07379554595404314,0.06337449760001587
gate_0.002,8.0,256,2,102284,0.002,0.0,0.051659502710031155,0.061850982182399275
gate_0.002,8.0,256,3,102285,0.002,0.0,0.08405507396326153,0.07233125979898662
gate_0.002,8.0,256,4,102286,0.002,0.0,0.07612486390185062,0.06732841682742637
gate_0.002,8.0,256,5,102287,0.002,0.0,0.06698299580676151,0.05705596972440646
gate_0.002,8.0,256,6,102288,0.002,0.0,0.06680375747305202,0.057500101043518284
gate_0.002,8.0,256,7,102289,0.002,0.0,0.043483967534462924,0.036900467450845895
gate_0.002,8.0,256,8,102290,0.002,0.0,0.13872937385765519,0.12722317777512204
gate_0.002,8.0,256,9,102291,0.002,0.0,0.03165738779734674,0.031106887418365533
gate_0.002,8.0,256,10,102292,0.002,0.0,0.06181473585820642,0.0658190060992537
gate_0.002,8.0,256,11,102293,0.002,0.0,0.06557697178867959,0.06015272311366865
gate_0.002,8.0,1024,0,103050,0.002,0.0,0.026398382349539264,0.03147301223859804
gate_0.002,8.0,1024,1,103051,0.002,0.0,0.030031738674572005,0.017637719549204466
gate_0.002,8.0,1024,2,103052,0.002,0.0,0.016945155138228786,0.011947802488380187
gate_0.002,8.0,1024,3,103053,0.002,0.0,0.022422493094161777,0.013569810100015869
gate_0.002,8.0,1024,4,103054,0.002,0.0,0.04168084941919452,0.030857398790430864
gate_0.002,8.0,1024,5,103055,0.002,0.0,0.040397518132003096,0.047411920753906864
gate_0.002,8.0,1024,6,103056,0.002,0.0,0.02837781135765518,0.01853869353855697
gate_0.002,8.0,1024,7,103057,0.002,0.0,0.02594493670887895,0.020215938195916352
gate_0.002,8.0,1024,8,103058,0.002,0.0,0.02128177034898803,0.017387343190955033
gate_0.002,8.0,1024,9,103059,0.002,0.0,0.050891043137677554,0.04038112891912769
gate_0.002,8.0,1024,10,103060,0.002,0.0,0.01963812648228,0.022829241687882463
gate_0.002,8.0,1024,11,103061,0.002,0.0,0.0386071478496677,0.028970247184654376
gate_0.002,8.0,4096,0,106122,0.002,0.0,0.01687168615462712,0.0054488616282974585
gate_0.002,8.0,4096,1,106123,0.002,0.0,0.02157283955676151,0.011442028284209312
gate_0.002,8.0,4096,2,106124,0.002,0.0,0.017907375309362497,0.019175078891428377
gate_0.002,8.0,4096,3,106125,0.002,0.0,0.02083007655731274,0.013749642878297458
gate_0.002,8.0,4096,4,106126,0.002,0.0,0.025148926174572005,0.012754907049204466
gate_0.002,8.0,4096,5,106127,0.002,0.0,0.013037762914968843,0.010181598415292963
gate_0.002,8.0,4096,6,106128,0.002,0.0,0.03448890532904315,0.02204024477265887
gate_0.002,8.0,4096,7,106129,0.002,0.0,0.01014199286056011,0.00952366374264996
gate_0.002,8.0,4096,8,106130,0.002,0.0,0.022569588414417613,0.012206966798326852
gate_0.002,8.0,4096,9,106131,0.002,0.0,0.014033233231728766,0.01875333826523946
gate_0.002,8.0,4096,10,106132,0.002,0.0,0.015053558410527369,0.015992267331263865
gate_0.002,8.0,4096,11,106133,0.002,0.0,0.01293328805025167,0.01635356099286781
gate_0.01,4.0,256,0,2282,0.01,0.0,0.11611039834957644,0.03782716470657647
gate_0.01,4.0,256,1,2283,0.01,0.0,0.08400837253655272,0.05805528510850449
gate_0.01,4.0,256,2,2284,0.01,0.0,0.060064710114753075,0.07667504032092484
gate_0.01,4.0,256,3,2285,0.01,0.0,0.1239830128564532,0.030374946402439332
gate_0.01,4.0,256,4,2286,0.01,0.0,0.11311628866947691,0.03087437578618521
gate_0.01,4.0,256,5,2287,0.01,0.0,0.10779173592777679,0.04386572721169277
gate_0.01,4.0,256,6,2288,0.01,0.0,0.12782914834957643,0.052593351205016896
gate_0.01,4.0,256,7,2289,0.01,0.0,0.09267289834957643,0.04273788551834728
gate_0.01,4.0,256,8,2290,0.01,0.0,0.08344209560787633,0.09299647643449324
gate_0.01,4.0,256,9,2291,0.01,0.0,0.1312292359277768,0.044426380938049514
gate_0.01,4.0,256,10,2292,0.01,0.0,0.0935850386694769,0.038877735708183966
gate_0.01,4.0,256,11,2293,0.01,0.0,0.1287412886694769,0.03779544478265879
gate_0.01,4.0,1024,0,3050,0.01,0.0,0.11318071084957644,0.020609321402439332
gate_0.01,4.0,1024,1,3051,0.01,0.0,0.09651472616947691,0.028493953796949953
gate_0.01,4.0,1024,2,3052,0.01,0.0,0.11116316366947691,0.006691023479656019
gate_0.01,4.0,1024,3,3053,0.01,0.0,0.15120222616947693,0.043131590677683934
gate_0.01,4.0,1024,4,3054,0.01,0.0,0.12288191366947691,0.024909383293207257
gate_0.01,4.0,1024,5,3055,0.01,0.0,0.07710801285645319,0.03859179789285688
gate_0.01,4.0,1024,6,3056,0.01,0.0,0.0926084761694769,0.020034415320924842
gate_0.01,4.0,1024,7,3057,0.01,0.0,0.09755571084957643,0.03644522883147331
gate_0.01,4.0,1024,8,3058,0.01,0.0,0.1054283253564532,0.025564266296949953
gate_0.01,4.0,1024,9,3059,0.01,0.0,0.12483503866947691,0.025858210750179675
gate_0.01,4.0,1024,10,3060,0.01,0.0,0.10725691366947691,0.021404789711692768
gate_0.01,4.0,1024,11,3061,0.01,0.0,0.08205524753655272,0.05152694801834728
gate_0.01,4.0,4096,0,6122,0.01,0.0,0.1114073042944769,0.01173338216842353
gate_0.01,4.0,4096,1,6123,0.01,0.0,0.11629011679447691,0.012318080358607644
gate_0.01,4.0,4096,2,6124,0.01,0.0,0.10554792929447691,0.008559805945924844
gate_0.01,4.0,4096,3,6125,0.01,0.0,0.10164167929447691,0.014888233653724782
gate_0.01,4.0,4096,4,6126,0.01,0.0,0.10798933554447691,0.009018492322818388
gate_0.01,4.0,4096,5,6127,0.01,0.0,0.11311628866947691,0.0055416056866582925
gate_0.01,4.0,4096,6,6128,0.01,0.0,0.11677839804447691,0.01165653762492348
gate_0.01,4.0,4096,7,6129,0.01,0.0,0.10554792929447691,0.007610978488952423
gate_0.01,4.0,4096,8,6130,0.01,0.0,0.11506941366947691,0.009203715061658293
gate_0.01,4.0,4096,9,6131,0.01,0.0,0.11482527304447691,0.013819484092276018
gate_0.01,4.0,4096,10,6132,0.01,0.0,0.11043074179447691,0.005110634395240824
gate_0.01,4.0,4096,11,6133,0.01,0.0,0.10603621054447691,0.014923780925687235
gate_0.01,8.0,256,0,102282,0.01,0.0,0.06274926992953625,0.1011617500951665
gate_0.01,8.0,256,1,102283,0.01,0.0,0.09447498335027728,0.04126623527625046
gate_0.01,8.0,256,2,102284,0.01,0.0,0.08546200167402077,0.04013016135466183
gate_0.01,8.0,256,3,102285,0.01,0.0,0.13869318952524454,0.08500391283095488
gate_0.01,8.0,256,4,102286,0.01,0.0,0.10628221196271029,0.047786211412675056
gate_0.01,8.0,256,5,102287,0.01,0.0,0.09056873335027728,0.04599874796950298
gate_0.01,8.0,256,6,102288,0.01,0.0,0.11394647441919452,0.0729595219464881
gate_0.01,8.0,256,7,102289,0.01,0.0,0.10500645177962711,0.04307773804790416
gate_0.01,8.0,256,8,102290,0.01,0.0,0.1596807516740208,0.10568543638197528
gate_0.01,8.0,256,9,102291,0.01,0.0,0.07346807007681788,0.05838456679401657
gate_0.01,8.0,256,10,102292,0.01,0.0,0.08499308560437507,0.09677891761486238
gate_0.01,8.0,256,11,102293,0.01,0.0,0.11004444789318348,0.060730310438646545
gate_0.01,8.0,1024,0,103050,0.01,0.0,0.08302912702524454,0.04524596762377893
gate_0.01,8.0,1024,1,103051,0.01,0.0,0.0784054647790759,0.009783398881818624
gate_0.01,8.0,1024,2,103052,0.01,0.0,0.07668613927962711,0.02337829904791435
gate_0.01,8.0,1024,3,103053,0.01,0.0,0.0793820272790759,0.014973450300255098
gate_0.01,8.0,1024,4,103054,0.01,0.0,0.0891476522790759,0.027345458438852284
gate_0.01,8.0,1024,5,103055,0.01,0.0,0.07560043341052737,0.05000411277294165
gate_0.01,8.0,1024,6,103056,0.01,0.0,0.08063148345404314,0.027167702425918615
gate_0.01,8.0,1024,7,103057,0.01,0.0,0.0793820272790759,0.005124585019684845
gate_0.01,8.0,1024,8,103058,0.01,0.0,0.0744992147790759,0.018645240036461196
gate_0.01,8.0,1024,9,103059,0.01,0.0,0.1028195272790759,0.035124034544577104
gate_0.01,8.0,1024,10,103060,0.01,0.0,0.06961640227907588,0.01847207530364143
gate_0.01,8.0,1024,11,103061,0.01,0.0,0.10331302034898802,0.04539718760700258
gate_0.01,8.0,4096,0,106122,0.01,0.0,0.0757199179040759,0.009424386578614129
gate_0.01,8.0,4096,1,106123,0.01,0.0,0.08450898040407588,0.008448712951432326
gate_0.01,8.0,4096,2,106124,0.01,0.0,0.0630246054040759,0.025558654662143077
gate_0.01,8.0,4096,3,106125,0.01,0.0,0.0752316366540759,0.014089808442031448
gate_0.01,8.0,4096,4,106126,0.01,0.0,0.0796261679040759,0.007866622186837778
gate_0.01,8.0,4096,5,106127,0.01,0.0,0.0710812460290759,0.016989533280497023
gate_0.01,8.0,4096,6,106128,0.01,0.0,0.08673499907904314,0.020129566107132103
gate_0.01,8.0,4096,7,106129,0.01,0.0,0.0671749960290759,0.015886870480395596
gate_0.01,8.0,4096,8,106130,0.01,0.0,0.0769406210290759,0.011570818298567674
gate_0.01,8.0,4096,9,106131,0.01,0.0,0.0698605429040759,0.012007254878795996
gate_0.01,8.0,4096,10,106132,0.01,0.0,0.07403968657904314,0.014145009020348362
gate_0.01,8.0,4096,11,106133,0.01,0.0,0.06033905852907589,0.02330881511099315
gate_0.03,4.0,256,0,2282,0.03,0.0,0.28499128866947687,0.04750080605846003
gate_0.03,4.0,256,1,2283,0.03,0.0,0.24592878866947687,0.07230742305287527
gate_0.03,4.0,256,2,2284,0.03,0.0,0.24202253866947687,0.05482340301547217
gate_0.03,4.0,256,3,2285,0.03,0.0,0.28889753866947687,0.032440099964265216
gate_0.03,4.0,256,4,2286,0.03,0.0,0.29280378866947687,0.040962438042591885
gate_0.03,4.0,256,5,2287,0.03,0.0,0.2411705128564532,0.08928064693053198
gate_0.03,4.0,256,6,2288,0.03,0.0,0.26936628866947687,0.05075569196330777
gate_0.03,4.0,256,7,2289,0.03,0.0,0.24983503866947687,0.056693811957408115
gate_0.03,4.0,256,8,2290,0.03,0.0,0.21858503866947687,0.09417983474624025
gate_0.03,4.0,256,9,2291,0.03,0.0,0.26546003866947687,0.03355024368817618
gate_0.03,4.0,256,10,2292,0.03,0.0,0.2332978983495764,0.07597204823182943
gate_0.03,4.0,256,11,2293,0.03,0.0,0.26155378866947687,0.033624992672562956
gate_0.03,4.0,1024,0,3050,0.03,0.0,0.26643660116947687,0.03347072421512223
gate_0.03,4.0,1024,1,3051,0.03,0.0,0.25960066366947687,0.04142908443053199
gate_0.03,4.0,1024,2,3052,0.03,0.0,0.26448347616947687,0.03096833196721368
gate_0.03,4.0,1024,3,3053,0.03,0.0,0.32698347616947687,0.059180621279995536
gate_0.03,4.0,1024,4,3054,0.03,0.0,0.30061628866947687,0.03019648233206436
gate_0.03,4.0,1024,5,3055,0.03,0.0,0.26546003866947687,0.0365425167890765
gate_0.03,4.0,1024,6,3056,0.03,0.0,0.24983503866947687,0.03530056125750314
gate_0.03,4.0,1024,7,3057,0.03,0.0,0.26057722616947687,0.03939822978364334
gate_0.03,4.0,1024,8,3058,0.03,0.0,0.27913191366947687,0.01758355257952849
gate_0.03,4.0,1024,9,3059,0.03,0.0,0.29671003866947687,0.03375859430639065
gate_0.03,4.0,1024,10,3060,0.03,0.0,0.27131941366947687,0.016337044261875537
gate_0.03,4.0,1024,11,3061,0.03,0.0,0.25862410116947687,0.04532229625359723
gate_0.03,4.0,4096,0,6122,0.03,0.0,0.27180769491947687,0.012414418946167287
gate_0.03,4.0,4096,1,6123,0.03,0.0,0.28596785116947687,0.010353735617496862
gate_0.03,4.0,4096,2,6124,0.03,0.0,0.27302839804447687,0.007366016802875269
gate_0.03,4.0,4096,3,6125,0.03,0.0,0.26936628866947687,0.01385756912124024
gate_0.03,4.0,4096,4,6126,0.03,0.0,0.27205183554447687,0.010073010096840994
gate_0.03,4.0,4096,5,6127,0.03,0.0,0.27864363241947687,0.007605112303832713
gate_0.03,4.0,4096,6,6128,0.03,0.0,0.28596785116947687,0.01902838326045645
gate_0.03,4.0,4096,7,6129,0.03,0.0,0.26399519491947687,0.013984562550904675
gate_0.03,4.0,4096,8,6130,0.03,0.0,0.27620222616947687,0.010011971808548868
gate_0.03,4.0,4096,9,6131,0.03,0.0,0.27644636679447687,0.010949575196167287
gate_0.03,4.0,4096,10,6132,0.03,0.0,0.27327253866947687,0.011305682592935087
gate_0.03,4.0,4096,11,6133,0.03,0.0,0.27449324179447687,0.013662692279016023
gate_0.03,8.0,256,0,102282,0.03,0.0,0.1297197119627103,0.08727188180089367
gate_0.03,8.0,256,1,102283,0.03,0.0,0.2092648397790759,0.06977897969600397
gate_0.03,8.0,256,2,102284,0.03,0.0,0.21707733977907587,0.07548796365045536
gate_0.03,8.0,256,3,102285,0.03,0.0,0.2221939517796271,0.08537778163604791
gate_0.03,8.0,256,4,102286,0.03,0.0,0.22098358977907587,0.06339218360184201
gate_0.03,8.0,256,5,102287,0.03,0.0,0.1780148397790759,0.07040707344460576
gate_0.03,8.0,256,6,102288,0.03,0.0,0.2131710897790759,0.06425360423207208
gate_0.03,8.0,256,7,102289,0.03,0.0,0.18822498335027726,0.03799720793700567
gate_0.03,8.0,256,8,102290,0.03,0.0,0.26004608977907584,0.09998841869750302
gate_0.03,8.0,256,9,102291,0.03,0.0,0.1780148397790759,0.04843711427766732
gate_0.03,8.0,256,10,102292,0.03,0.0,0.19488929595404314,0.06232368430463629
gate_0.03,8.0,256,11,102293,0.03,0.0,0.2014523397790759,0.05936059718562431
gate_0.03,8.0,1024,0,103050,0.03,0.0,0.1828976522790759,0.031449520767927924
gate_0.03,8.0,1024,1,103051,0.03,0.0,0.1946164022790759,0.023342926555394244
gate_0.03,8.0,1024,2,103052,0.03,0.0,0.1877804647790759,0.01178884770833502
gate_0.03,8.0,1024,3,103053,0.03,0.0,0.2014523397790759,0.020746933108542934
gate_0.03,8.0,1024,4,103054,0.03,0.0,0.1965695272790759,0.026897815828373348
gate_0.03,8.0,1024,5,103055,0.03,0.0,0.16266273345404314,0.0684056618190224
gate_0.03,8.0,1024,6,103056,0.03,0.0,0.2034054647790759,0.04364681746793321
gate_0.03,8.0,1024,7,103057,0.03,0.0,0.21707733977907587,0.03251921365045536
gate_0.03,8.0,1024,8,103058,0.03,0.0,0.1936398397790759,0.01689421365045536
gate_0.03,8.0,1024,9,103059,0.03,0.0,0.23270233977907587,0.05850937110184201
gate_0.03,8.0,1024,10,103060,0.03,0.0,0.1936398397790759,0.023290589598803535
gate_0.03,8.0,1024,11,103061,0.03,0.0,0.1975460897790759,0.04188399771252939
gate_0.03,8.0,4096,0,106122,0.03,0.0,0.1946164022790759,0.012518523428007688
gate_0.03,8.0,4096,1,106123,0.03,0.0,0.2063351522790759,0.021439135946003968
gate_0.03,8.0,4096,2,106124,0.03,0.0,0.1755734335290759,0.02020558149535842
gate_0.03,8.0,4096,3,106125,0.03,0.0,0.1897335897790759,0.007035458267927924
gate_0.03,8.0,4096,4,106126,0.03,0.0,0.1929074179040759,0.008356744671238203
gate_0.03,8.0,4096,5,106127,0.03,0.0,0.1870480429040759,0.014606090421626652
gate_0.03,8.0,4096,6,106128,0.03,0.0,0.2024289022790759,0.02113204458752939
gate_0.03,8.0,4096,7,106129,0.03,0.0,0.1816769491540759,0.017971868035331295
gate_0.03,8.0,4096,8,106130,0.03,0.0,0.1909542929040759,0.01218352519917898
gate_0.03,8.0,4096,9,106131,0.03,0.0,0.1848507772790759,0.013010744418656739
gate_0.03,8.0,4096,10,106132,0.03,0.0,0.1858273397790759,0.01308741129122283
gate_0.03,8.0,4096,11,106133,0.03,0.0,0.1782589804040759,0.01708663651578861
readout_0.02,4.0,256,0,2282,0.0,0.02,0.0545225386694769,0.03625174349045465
readout_0.02,4.0,256,1,2283,0.0,0.02,0.03143599149064477,0.027196691955383025
readout_0.02,4.0,256,2,2284,0.0,0.02,0.03158329698908266,0.05596242023370786
readout_0.02,4.0,256,3,2285,0.0,0.02,0.09997923592777679,0.06098186284551557
readout_0.02,4.0,256,4,2286,0.0,0.02,0.08215712698376801,0.05652445730020526
readout_0.02,4.0,256,5,2287,0.0,0.02,0.023421953718641093,0.04974480475063093
readout_0.02,4.0,256,6,2288,0.0,0.02,0.05181926730366848,0.026052163872525923
readout_0.02,4.0,256,7,2289,0.0,0.02,0.06787721011475309,0.05012076491646124
readout_0.02,4.0,256,8,2290,0.0,0.02,0.04899942803499061,0.07271105105902553
readout_0.02,4.0,256,9,2291,0.0,0.02,0.0305238511707443,0.049240351011920126
readout_0.02,4.0,256,10,2292,0.0,0.02,0.04902754071849092,0.032454609551529526
readout_0.02,4.0,256,11,2293,0.0,0.02,0.0421292905891177,0.03416650655723044
readout_0.02,4.0,1024,0,3050,0.0,0.02,0.055241604975353714,0.028656612217251055
readout_0.02,4.0,1024,1,3051,0.0,0.02,0.0443711443526825,0.013970222453008248
readout_0.02,4.0,1024,2,3052,0.0,0.02,0.036562380788377424,0.015278032238716531
readout_0.02,4.0,1024,3,3053,0.0,0.02,0.06666537307909157,0.03707076834040791
readout_0.02,4.0,1024,4,3054,0.0,0.02,0.0398741011694769,0.014567458773788155
readout_0.02,4.0,1024,5,3055,0.0,0.02,0.027387548971583024,0.023735857733707857
readout_0.02,4.0,1024,6,3056,0.0,0.02,0.028004449242067894,0.028993576610551006
readout_0.02,4.0,1024,7,3057,0.0,0.02,0.0432191636707443,0.032079504455383025
readout_0.02,4.0,1024,8,3058,0.0,0.02,0.04316816571849092,0.012022048389448993
readout_0.02,4.0,1024,9,3059,0.0,0.02,0.054491458609545296,0.030087762515090224
readout_0.02,4.0,1024,10,3060,0.0,0.02,0.030215357024367735,0.022994383643257642
readout_0.02,4.0,1024,11,3061,0.0,0.02,0.05225221011475308,0.03402345743586869
readout_0.02,4.0,4096,0,6122,0.0,0.02,0.043274414087391445,0.01501778775954535
readout_0.02,4.0,4096,1,6123,0.0,0.02,0.0467100386694769,0.017578244804063024
readout_0.02,4.0,4096,2,6124,0.0,0.02,0.051151110927776786,0.011794805238079872
readout_0.02,4.0,4096,3,6125,0.0,0.02,0.03088743905277679,0.009844262912709569
readout_0.02,4.0,4096,4,6126,0.0,0.02,0.03734134367167731,0.008729179750630927
readout_0.02,4.0,4096,5,6127,0.0,0.02,0.044559314052776786,0.006450483386283469
readout_0.02,4.0,4096,6,6128,0.0,0.02,0.042117907802776786,0.01294224595163789
readout_0.02,4.0,4096,7,6129,0.0,0.02,0.040653064052776786,0.009394928559073588
readout_0.02,4.0,4096,8,6130,0.0,0.02,0.0462217574194769,0.013757112538293823
readout_0.02,4.0,4096,9,6131,0.0,0.02,0.04930423429667731,0.013217276921460122
readout_0.02,4.0,4096,10,6132,0.0,0.02,0.040164782802776786,0.005976959809073588
readout_0.02,4.0,4096,11,6133,0.0,0.02,0.0337705855444769,0.01205855609610418
readout_0.02,8.0,256,0,102282,0.0,0.02,0.07243164219268726,0.07423788224543157
readout_0.02,8.0,256,1,102283,0.0,0.02,0.06846916813767756,0.043208319635578564
readout_0.02,8.0,256,2,102284,0.0,0.02,0.04608059248910666,0.03981233806921194
readout_0.02,8.0,256,3,102285,0.0,0.02,0.09846971196271029,0.07929803173634312
readout_0.02,8.0,256,4,102286,0.0,0.02,0.07612486390185062,0.06182441729311073
readout_0.02,8.0,256,5,102287,0.0,0.02,0.0630212103496677,0.04535762969358088
readout_0.02,8.0,256,6,102288,0.0,0.02,0.07977196364801928,0.06172455528763631
readout_0.02,8.0,256,7,102289,0.0,0.02,0.059108967534462924,0.050184128020672535
readout_0.02,8.0,256,8,102290,0.0,0.02,0.1385811363141394,0.12397678606568843
readout_0.02,8.0,256,9,102291,0.0,0.02,0.056282169367996904,0.053778266129290854
readout_0.02,8.0,256,10,102292,0.0,0.02,0.055422363674572005,0.05627912566874179
readout_0.02,8.0,256,11,102293,0.0,0.02,0.06557697178867959,0.046434802069017476
readout_0.02,8.0,1024,0,103050,0.0,0.02,0.037140569849539264,0.029009108980562158
readout_0.02,8.0,1024,1,103051,0.0,0.02,0.03116348478812836,0.013567080264891583
readout_0.02,8.0,1024,2,103052,0.0,0.02,0.03255695503262244,0.020513730971758688
readout_0.02,8.0,1024,3,103053,0.0,0.02,0.040852524462710295,0.019636044735108417
readout_0.02,8.0,1024,4,103054,0.0,0.02,0.06749260563767756,0.04083758644530457
readout_0.02,8.0,1024,5,103055,0.0,0.02,0.030780130675518873,0.03719447828225383
readout_0.02,8.0,1024,6,103056,0.0,0.02,0.026540775796795507,0.019131298820799537
readout_0.02,8.0,1024,7,103057,0.0,0.02,0.02789806170887895,0.02401247283145267
readout_0.02,8.0,1024,8,103058,0.0,0.02,0.04254554595404315,0.023013320590745144
readout_0.02,8.0,1024,9,103059,0.0,0.02,0.05881963257681788,0.03363887969358088
readout_0.02,8.0,1024,10,103060,0.0,0.02,0.03278087420887895,0.03084841033145267
readout_0.02,8.0,1024,11,103061,0.0,0.02,0.0542321478496677,0.035752386237202775
readout_0.02,8.0,4096,0,106122,0.0,0.02,0.028629530329043147,0.005241251579163851
readout_0.02,8.0,4096,1,106123,0.0,0.02,0.03570960845404315,0.009863252185214007
readout_0.02,8.0,4096,2,106124,0.0,0.02,0.02396731722398803,0.012364068363186743
readout_0.02,8.0,4096,3,106125,0.0,0.02,0.03201874602907589,0.01289931943805974
readout_0.02,8.0,4096,4,106126,0.0,0.02,0.029333199154075888,0.009599324984619413
readout_0.02,8.0,4096,5,106127,0.0,0.02,0.020444838518183475,0.015781017158841427
readout_0.02,8.0,4096,6,106128,0.0,0.02,0.050718276018183475,0.023881170113437468
readout_0.02,8.0,4096,7,106129,0.0,0.02,0.017887342829043147,0.012668230622491207
readout_0.02,8.0,4096,8,106130,0.0,0.02,0.034849135393183475,0.013249936637166164
readout_0.02,8.0,4096,9,106131,0.0,0.02,0.021838308762677554,0.01644411345645267
readout_0.02,8.0,4096,10,106132,0.0,0.02,0.030139090012677554,0.01823526861363193
readout_0.02,8.0,4096,11,106133,0.0,0.02,0.02408340666312836,0.017573192270366002
combined,4.0,256,0,2282,0.01,0.02,0.14436628866947693,0.04178282811831346
combined,4.0,256,1,2283,0.01,0.02,0.1083580128564532,0.06851266438919607
combined,4.0,256,2,2284,0.01,0.02,0.09131471011475308,0.08920219062522207
combined,4.0,256,3,2285,0.01,0.02,0.17952253866947693,0.044304953290073903
combined,4.0,256,4,2286,0.01,0.02,0.14046003866947693,0.025887056645187544
combined,4.0,256,5,2287,0.01,0.02,0.1429479859277768,0.051846135483955
combined,4.0,256,6,2288,0.01,0.02,0.13655378866947693,0.04870882505947745
combined,4.0,256,7,2289,0.01,0.02,0.13264753866947693,0.04249879542574532
combined,4.0,256,8,2290,0.01,0.02,0.11951048592777679,0.08958378156046062
combined,4.0,256,9,2291,0.01,0.02,0.1507604859277768,0.03332242494052255
combined,4.0,256,10,2292,0.01,0.02,0.1312292359277768,0.028783318067701267
combined,4.0,256,11,2293,0.01,0.02,0.1521787886694769,0.04310426482021667
combined,4.0,1024,0,3050,0.01,0.02,0.14924910116947693,0.0320247154960541
combined,4.0,1024,1,3051,0.01,0.02,0.13264753866947693,0.02731158291921645
combined,4.0,1024,2,3052,0.01,0.02,0.15022566366947693,0.01802671552705767
combined,4.0,1024,3,3053,0.01,0.02,0.17756941366947693,0.036850073968553686
combined,4.0,1024,4,3054,0.01,0.02,0.15022566366947693,0.020172809374777927
combined,4.0,1024,5,3055,0.01,0.02,0.11018660116947691,0.034768279117981436
combined,4.0,1024,6,3056,0.01,0.02,0.11799910116947691,0.027589199361989954
combined,4.0,1024,7,3057,0.01,0.02,0.12489946084957644,0.034572771405754425
combined,4.0,1024,8,3058,0.01,0.02,0.12776472616947693,0.028921565663224968
combined,4.0,1024,9,3059,0.01,0.02,0.15217878866947693,0.024555357752045585
combined,4.0,1024,10,3060,0.01,0.02,0.13362410116947693,0.027946820040469732
combined,4.0,1024,11,3061,0.01,0.02,0.11702253866947691,0.04348920959520168
combined,4.0,4096,0,6122,0.01,0.02,0.13923933554447693,0.014125375006686543
combined,4.0,4096,1,6123,0.01,0.02,0.14900496054447693,0.015419986726755094
combined,4.0,4096,2,6124,0.01,0.02,0.13948347616947693,0.00585123586923059
combined,4.0,4096,3,6125,0.01,0.02,0.13679792929447693,0.011418464084489537
combined,4.0,4096,4,6126,0.01,0.02,0.13704206991947693,0.009368206250222073
combined,4.0,4096,5,6127,0.01,0.02,0.14973738241947693,0.010001615229812456
combined,4.0,4096,6,6128,0.01,0.02,0.14729597616947693,0.008200470882018564
combined,4.0,4096,7,6129,0.01,0.02,0.13508894491947693,0.010145918462666739
combined,4.0,4096,8,6130,0.01,0.02,0.14973738241947693,0.012544637273333846
combined,4.0,4096,9,6131,0.01,0.02,0.14461042929447693,0.00877402070632764
combined,4.0,4096,10,6132,0.01,0.02,0.13582136679447693,0.008698211264196062
combined,4.0,4096,11,6133,0.01,0.02,0.13948347616947693,0.016000947354225102
combined,8.0,256,0,102282,0.01,0.02,0.07071000747305202,0.11372117931552618
combined,8.0,256,1,102283,0.01,0.02,0.10770233977907588,0.03758433586520043
combined,8.0,256,2,102284,0.01,0.02,0.12061825167402077,0.043981758137851344
combined,8.0,256,3,102285,0.01,0.02,0.16213068952524454,0.09272022216585725
combined,8.0,256,4,102286,0.01,0.02,0.12190721196271029,0.04575700620028949
combined,8.0,256,5,102287,0.01,0.02,0.1037960897790759,0.051204409619234774
combined,8.0,256,6,102288,0.01,0.02,0.12190721196271029,0.06782611308740225
combined,8.0,256,7,102289,0.01,0.02,0.12453770177962711,0.044341928472940405
combined,8.0,256,8,102290,0.01,0.02,0.1987432516740208,0.12582811294665136
combined,8.0,256,9,102291,0.01,0.02,0.10338013528941761,0.0613987758965809
combined,8.0,256,10,102292,0.01,0.02,0.09031946342074065,0.0863259593410082
combined,8.0,256,11,102293,0.01,0.02,0.13348194789318346,0.06305677415264127
combined,8.0,1024,0,103050,0.01,0.02,0.09430335845404314,0.04200754310811431
combined,8.0,1024,1,103051,0.01,0.02,0.0969601522790759,0.014275287670396243
combined,8.0,1024,2,103052,0.01,0.02,0.0901242147790759,0.024302334294385726
combined,8.0,1024,3,103053,0.01,0.02,0.1008664022790759,0.013480433910658472
combined,8.0,1024,4,103054,0.01,0.02,0.11746796477907588,0.02684214836520043
combined,8.0,1024,5,103055,0.01,0.02,0.09039710845404314,0.04411661262117406
combined,8.0,1024,6,103056,0.01,0.02,0.09430335845404314,0.02589222663479957
combined,8.0,1024,7,103057,0.01,0.02,0.10086640227907588,0.015749661603419098
combined,8.0,1024,8,103058,0.01,0.02,0.09354739534898802,0.02692699305889213
combined,8.0,1024,9,103059,0.01,0.02,0.1272335897790759,0.035057810236282384
combined,8.0,1024,10,103060,0.01,0.02,0.09110077727907588,0.017211377848523148
combined,8.0,1024,11,103061,0.01,0.02,0.12284427034898802,0.04203376494781579
combined,8.0,4096,0,106122,0.01,0.02,0.0986691366540759,0.007832223062926476
combined,8.0,4096,1,106123,0.01,0.02,0.10599335540407588,0.011022773762851344
combined,8.0,4096,2,106124,0.01,0.02,0.0874386679040759,0.023447723798149862
combined,8.0,4096,3,106125,0.01,0.02,0.09964569915407588,0.014402882786822897
combined,8.0,4096,4,106126,0.01,0.02,0.1023312460290759,0.01292409751688569
combined,8.0,4096,5,106127,0.01,0.02,0.0908566366540759,0.01938209982722878
combined,8.0,4096,6,106128,0.01,0.02,0.10992835845404314,0.0242948272453992
combined,8.0,4096,7,106129,0.01,0.02,0.0835324179040759,0.02090450651255319
combined,8.0,4096,8,106130,0.01,0.02,0.1015988241540759,0.013557359155114974
combined,8.0,4096,9,106131,0.01,0.02,0.0903683554040759,0.014493926928744856
combined,8.0,4096,10,106132,0.01,0.02,0.09918617095404314,0.015245075683738223
combined,8.0,4096,11,106133,0.01,0.02,0.0832882772790759,0.02248306759477233
