time,node,classical,quantum,lesion_classical,lesion_quantum
0.0,Mi1_R,1.0,1.0,1.0,1.0
0.0,Pm2a_R,0.0,0.0,0.0,0.0
0.0,Pm1_R,0.0,0.0,0.0,0.0
0.0,Pm2b_R,0.0,0.0,0.0,0.0
0.0,Pm4_R,0.0,0.0,0.0,0.0
0.0,Tm3_R,0.0,0.0,0.0,0.0
0.0,Y3_R,0.0,0.0,0.0,0.0
0.0,T4a_R,0.0,0.0,0.0,0.0
0.1,Mi1_R,0.9055926016581277,0.9983778496283512,0.924299319542057,0.9988041755420684
0.1,Pm2a_R,0.019454486266851374,0.00042679570591277143,0.0,0.0
0.1,Pm1_R,0.01800758145164646,0.0003653520159288432,0.01819111559914796,0.0003654901107053963
0.1,Pm2b_R,0.01990652431739164,0.00044668635961113326,0.020109793851060175,0.0004468543019903411
0.1,Pm4_R,0.009954378803219102,0.00011020257557863868,0.010049993847520172,0.00011024920188286365
0.1,Tm3_R,0.009931547968834385,0.00010948171017164909,0.01003163509228333,0.00010952870634898843
0.1,Y3_R,0.008939871288075043,8.868568137913138e-05,0.009021604918259816,8.872396391204747e-05
0.1,T4a_R,0.008213008245854308,7.494632306667295e-05,0.008296537149671532,7.49781730920547e-05
0.2,Mi1_R,0.821542080019489,0.9935327556946254,0.8554164105643203,0.9952270541414006
0.2,Pm2a_R,0.036659672177397074,0.0017017985437365536,0.0,0.0
0.2,Pm1_R,0.03394827804372196,0.0014567247043407781,0.034630730845024445,0.001458929526476466
0.2,Pm2b_R,0.0375187626180489,0.0017811075888298222,0.03827452346914402,0.0017837890626401219
0.2,Pm4_R,0.01888969930373519,0.00043919719467880303,0.019246241648817886,0.00043994143793042587
0.2,Tm3_R,0.018864849602760053,0.0004363325023980014,0.019238797088366306,0.000437082669748111
0.2,Y3_R,0.01698370061746404,0.00035342198716272806,0.017288279876265158,0.0003540330271015583
0.2,T4a_R,0.015592957617383696,0.0002986617842281939,0.01590501650806187,0.00029917013470263866
0.30000000000000004,Mi1_R,0.7467091088159383,0.9855285060303032,0.7927348164077557,0.9892996008901146
0.30000000000000004,Pm2a_R,0.05186523273089205,0.0038089245597041628,0.0,0.0
0.30000000000000004,Pm1_R,0.0480514356556329,0.0032601287461655687,0.04947965571607712,0.0032712511431712056
0.30000000000000004,Pm2b_R,0.05309093044755435,0.0039864221492754435,0.05467239613253615,0.0039999499336678445
0.30000000000000004,Pm4_R,0.02691669350512528,0.0009821677861805145,0.027665033302050092,0.0009859205570683929
0.30000000000000004,Tm3_R,0.026907345794385897,0.0009757922623158599,0.027693764239823792,0.0009795750751820035
0.30000000000000004,Y3_R,0.024228529628538425,0.0007902660393005582,0.024867379952364283,0.0007933469685653407
0.30000000000000004,T4a_R,0.02223072342193265,0.0006677924267545811,0.022886954249392834,0.000670355432230219
0.4,Mi1_R,0.6800797536416676,0.9744704717727443,0.7356938654306102,0.9810731223211038
0.4,Pm2a_R,0.06529332007434344,0.006721595888775434,0.0,0.0
0.4,Pm1_R,0.06052111243171325,0.005752450341181666,0.06288409110652718,0.005787428382090717
0.4,Pm2b_R,0.0668492362607275,0.00703479991244634,0.0694654527986565,0.007077346371481226
0.4,Pm4_R,0.0341339295108197,0.0017311647424880982,0.035375768021780364,0.001742959407743141
0.4,Tm3_R,0.034154715688970716,0.0017200034792796313,0.035462338209949706,0.0017318933155189558
0.4,Y3_R,0.030760747482851635,0.0013927105547972822,0.03182017969827829,0.0014023928912310776
0.4,T4a_R,0.02820718490890613,0.0011768033082872247,0.029298304734197703,0.001184857310830806
0.5,Mi1_R,0.6207516704700521,0.9605042077141511,0.6837836219657236,0.9706188162824536
0.5,Pm2a_R,0.07714159373491172,0.010403080719550244,0.0,0.0
0.5,Pm1_R,0.07153886329871222,0.008901751020798414,0.07497695250312046,0.008986602309184234
0.5,Pm2b_R,0.07899496447091908,0.010887777560530304,0.08280103194658005,0.010991000800808762
0.5,Pm4_R,0.04062915006048478,0.002675219541275259,0.042441577917754596,0.002703809166447177
0.5,Tm3_R,0.04069216955710555,0.0026581241447564247,0.042604428456559915,0.0026869468092888486
0.5,Y3_R,0.036657262828909666,0.0021517791532420626,0.038202423222952225,0.0021752461582447203
0.5,T4a_R,0.033594325578904766,0.0018180601456959959,0.03518996398730919,0.0018375784735724862
0.6000000000000001,Mi1_R,0.5679218232780481,0.9438135190507919,0.6365402942795761,0.9580271473467037
0.6000000000000001,Pm2a_R,0.08758591730185619,0.014806963043503636,0.0,0.0
0.6000000000000001,Pm1_R,0.08126621796417664,0.01266768185483344,0.08587907381486899,0.012842258062694603
0.6000000000000001,Pm2b_R,0.08970721914910232,0.015496749686595179,0.09481310091408543,0.015709155668340483
0.6000000000000001,Pm4_R,0.046480463736907965,0.0038005029430129922,0.04891989512840976,0.003859267757024649
0.6000000000000001,Tm3_R,0.04659559940999299,0.0037764835829844495,0.049174583771954994,0.003835733330332319
0.6000000000000001,Y3_R,0.04198654678181747,0.0030561578750744633,0.04406482449220186,0.0031043871651241176
0.6000000000000001,T4a_R,0.03845621237809838,0.002581941963204255,0.04060822759890274,0.00262205066977994
0.7000000000000001,Mi1_R,0.5208755535718971,0.9246180203695689,0.5935420581682838,0.9434070532803605
0.7000000000000001,Pm2a_R,0.09678275827184528,0.01987773608490413,0.0,0.0
0.7000000000000001,Pm1_R,0.08984688613478291,0.017002006609327682,0.0957003022045806,0.017322449066183982
0.7000000000000001,Pm2b_R,0.09914536572458083,0.020803589234903316,0.10562346672285108,0.021193536629353433
0.7000000000000001,Pm4_R,0.051757405059890106,0.00509052452941844,0.05486296761840425,0.005198266727167821
0.7000000000000001,Tm3_R,0.05193260301409485,0.005058779023895926,0.0552224757615716,0.005167423240788491
0.7000000000000001,Y3_R,0.04680956111391745,0.004092361030618042,0.04945352235016615,0.004180773415115594
0.7000000000000001,T4a_R,0.04284986710899152,0.0034569831173638646,0.0455952071741425,0.0035304976410302207
0.8,Mi1_R,0.4789768530120897,0.90317021949239,0.5544052585698256,0.9268849895931158
0.8,Pm2a_R,0.10487132373040133,0.02555151170242403,0.0,0.0
0.8,Pm1_R,0.09740871998003008,0.02184922698193024,0.10454049378897955,0.02239006709167527
0.8,Pm2b_R,0.10745120392786567,0.02674138924892102,0.1153428772998325,0.027399669634422252
0.8,Pm4_R,0.05652187789871152,0.006526370763202359,0.06031832828698792,0.006707975777476484
0.8,Tm3_R,0.05676339523863538,0.006486310155012929,0.06079333861009962,0.006669460854535845
0.8,Y3_R,0.05118058429088222,0.005244929008426953,0.05441049436072374,0.0053939262213897705
0.8,T4a_R,0.04682604192138417,0.004430042647692528,0.05018920908355115,0.004553910827384835
0.9,Mi1_R,0.4416597067139941,0.8797521651442252,0.518780954976982,0.9086038206178398
0.9,Pm2a_R,0.11197546094598874,0.031756836549471826,0.0,0.0
0.9,Pm1_R,0.10406546056182106,0.027147301702044775,0.1124904191811136,0.02800315584237789
0.9,Pm2b_R,0.11475090155753014,0.0332353163266205,0.12407202301552742,0.034277249226723795
0.9,Pm4_R,0.06082899504626605,0.008086978204036858,0.06532922161342121,0.008373923974778619
0.9,Tm3_R,0.0611416191358416,0.00803824835405286,0.0659283690902596,0.008327682000864936
0.9,Y3_R,0.05514794659706884,0.006496655213365024,0.05897393319609561,0.006732031222271794
0.9,T4a_R,0.050429909441489534,0.0054864985061829664,0.054425078926600486,0.005682137115143231
1.0,Mi1_R,0.4084203893762668,0.8546717032331622,0.48635177953243003,0.8887215669288514
1.0,Pm2a_R,0.11820534875283391,0.03841560439742234,0.0,0.0
1.0,Pm1_R,0.1099182920093377,0.03282845005250867,0.1196325870364737,0.03411526534959361
1.0,Pm2b_R,0.12115671539682012,0.0402035647404038,0.1319024475618788,0.041770554927076375
1.0,Pm4_R,0.06472782538432624,0.009749438017126412,0.06993499168311308,0.010180136526600896
1.0,Tm3_R,0.06511506778899762,0.009691936814758103,0.07066509041147447,0.010126446709272144
1.0,Y3_R,0.05875468435635452,0.007828838886526171,0.0631785889624957,0.008182051765793029
1.0,T4a_R,0.053701676935062906,0.006610463858092429,0.058334514812134204,0.00690397779281292
1.1,Mi1_R,0.37881060936053124,0.8282583917520508,0.45682907950409124,0.867410020175176
1.1,Pm2a_R,0.12365900275040766,0.0454440527823384,0.0,0.0
1.1,Pm1_R,0.11505722460122411,0.038820029264365674,0.1260419930255045,0.04067584412719579
1.1,Pm2b_R,0.12676852270815386,0.0475583988812673,0.13891737637588303,0.04981891217744392
1.1,Pm4_R,0.06826205881137025,0.011489327466110298,0.0741714350902357,0.012109285849150405
1.1,Tm3_R,0.06872632674880721,0.011423217341789159,0.07503768318011005,0.012048785797172355
1.1,Y3_R,0.06203912215330666,0.009221560186510602,0.06705608054586516,0.009729854098679129
1.1,T4a_R,0.05667713286619904,0.007785022325567693,0.061946352278310225,0.008207297775182679
1.2000000000000002,Mi1_R,0.3524314073894418,0.8008591288614789,0.4299503184005463,0.8448532375762176
1.2000000000000002,Pm2a_R,0.12842361481283987,0.052753831047760984,0.0,0.0
1.2000000000000002,Pm1_R,0.11956232558778962,0.04504547427091847,0.13178680098330592,0.04763066570261134
1.2000000000000002,Pm2b_R,0.1316751841549417,0.05520727055060553,0.14519247007221006,0.0583571939376834
1.2000000000000002,Pm4_R,0.07147059798483563,0.013281063697472492,0.07807112189615066,0.014142855528250165
1.2000000000000002,Tm3_R,0.07201334579766176,0.013206779212467892,0.07907728644686456,0.014076560014301229
1.2000000000000002,Y3_R,0.06503539097939742,0.01065397358995792,0.0706351787816727,0.011360343183578371
1.2000000000000002,T4a_R,0.059388133293092185,0.008992478769337932,0.06528682341924982,0.009579144057357667
1.3,Mi1_R,0.3289277268032905,0.7728335525318603,0.405476712316152,0.8212459293890463
1.3,Pm2a_R,0.13257674514585993,0.06025312593793413,0.0,0.0
1.3,Pm1_R,0.12350481451303133,0.0514252874944647,0.13692896237626054,0.0549222858483393
1.3,Pm2b_R,0.13595575670528767,0.06305399666313165,0.15079650967261257,0.06731635868805508
1.3,Pm4_R,0.074388084933334,0.01509827480457739,0.08166368753520158,0.016261315652578764
1.3,Tm3_R,0.07500994781948739,0.015016525188996523,0.082812271547593,0.01619063028177729
1.3,Y3_R,0.06777388935671604,0.012104615403160936,0.07394206399896833,0.013057607867916274
1.3,T4a_R,0.06186303472299309,0.010214621975874433,0.06837979255321171,0.011005872272287115
1.4000000000000001,Mi1_R,0.3079835814576032,0.7445492731572755,0.38319108021447057,0.7967917535999645
1.4000000000000001,Pm2a_R,0.13618738312146153,0.0678478301594054,0.0,0.0
1.4000000000000001,Pm1_R,0.12694803795152004,0.05787806568964258,0.1415247796695685,0.06249052657528443
1.4000000000000001,Pm2b_R,0.13968057302985928,0.07099998215324639,0.15579201980551388,0.07662402028438416
1.4000000000000001,Pm4_R,0.07704536970768923,0.01691418291036823,0.08497609829769417,0.01844430789240329
1.4000000000000001,Tm3_R,0.07774628169679605,0.016825949518894687,0.08626849119893155,0.018371037461275396
1.4000000000000001,Y3_R,0.07028169371538019,0.013551720969822791,0.07700056025805317,0.014805074039172415
1.4000000000000001,T4a_R,0.06412707931969061,0.011432995441344086,0.07124697055576815,0.012473280147515944
1.5,Mi1_R,0.2893177554801917,0.7163770027647552,0.36289588878576107,0.7717015329097673
1.5,Pm2a_R,0.1393168913340455,0.07544273878387601,0.0,0.0
1.5,Pm1_R,0.12994833693349522,0.06432155038969145,0.1456254186742198,0.07027298272085607
1.5,Pm2b_R,0.14291220208872626,0.07894547230480047,0.16023583549039064,0.08620504484638786
1.5,Pm4_R,0.07946992745059042,0.018701993832179263,0.08803289278184377,0.02067083860573983
1.5,Tm3_R,0.0802492253947432,0.018608522587244165,0.08946950608733437,0.02059719000146003
1.5,Y3_R,0.07258292361003932,0.014973547015531573,0.07983234839119828,0.01658566432543709
1.5,T4a_R,0.06620273770816845,0.012629172321921516,0.0739081097892521,0.01396674659035232
1.6,Mi1_R,0.272679976346621,0.6886856458005242,0.3444114742670329,0.7461914097648785
1.6,Pm2a_R,0.14201984573198373,0.08294275801851134,0.0,0.0
1.6,Pm1_R,0.13255581887051213,0.07067368820240383,0.14927737449223782,0.07820554677286179
1.6,Pm2b_R,0.14570630398453435,0.08679081835793143,0.16417961761336497,0.09598216963482628
1.6,Pm4_R,0.08168622956242834,0.02043528779251885,0.09085640148997343,0.022919478178368466
1.6,Tm3_R,0.0825427447140204,0.020338076784364487,0.09243679098754348,0.022848057735544696
1.6,Y3_R,0.07469906674608923,0.016348694489395688,0.0824571597649146,0.018381962837528378
1.6,T4a_R,0.06811001404381074,0.013785030554350796,0.0763811813849328,0.015471375075992113
1.7000000000000002,Mi1_R,0.2578475091765865,0.6618374169612957,0.3275744252072188,0.7204809557293641
1.7000000000000002,Pm2a_R,0.1443447832637232,0.09025411072606589,0.0,0.0
1.7000000000000002,Pm1_R,0.1348150444937949,0.0768536870849937,0.15252289526093518,0.0862229474163779
1.7000000000000002,Pm2b_R,0.14811239071997045,0.09443774009115809,0.16767032173822358,0.10587663869172419
1.7000000000000002,Pm4_R,0.08371607401595672,0.02208840561752877,0.09346694654734788,0.02516856474506697
1.7000000000000002,Tm3_R,0.08464821259106359,0.02198918812820481,0.09518992226225682,0.025102370046250846
1.7000000000000002,Y3_R,0.07664926823911206,0.017656427248699428,0.08489295250863,0.020176383400319874
1.7000000000000002,T4a_R,0.06986671749979258,0.0148830241420535,0.07868253647538756,0.016972139970895986
1.8,Mi1_R,0.24462212588800925,0.6361830511477818,0.3122361116098389,0.6947912518907906
1.8,Pm2a_R,0.14633486721845326,0.09728552313786049,0.0,0.0
1.8,Pm1_R,0.13676563916037143,0.08278305479297027,0.15540036751667935,0.09425929717632388
1.8,Pm2b_R,0.15017450321650405,0.10179056913404858,0.17075062447671344,0.11580884988147566
1.8,Pm4_R,0.08557887931627602,0.02363682492049016,0.09588302334294965,0.027396410397358392
1.8,Tm3_R,0.08658469328711665,0.02353754823242243,0.09774674842718112,0.027338816573068903
1.8,Y3_R,0.07845058804416828,0.018876981983677026,0.08715607179669674,0.021951339686704614
1.8,T4a_R,0.07148870386910104,0.015906446650749136,0.08082705282994071,0.01845403439427831
1.9000000000000001,Mi1_R,0.23282740794879364,0.6120571693546338,0.2982613472040807,0.6693429572426063
1.9000000000000001,Pm2a_R,0.14802847932085297,0.1039493774668857,0.0,0.0
1.9000000000000001,Pm1_R,0.138442836852345,0.08838660594639614,0.15794466665283696,0.10224864445439708
1.9000000000000001,Pm2b_R,0.15193181381141038,0.10875745703460639,0.17345931125965178,0.12569900788031588
1.9000000000000001,Pm4_R,0.08729194610770968,0.02505752090052415,0.09812146572863582,0.029581507958383088
1.9000000000000001,Tm3_R,0.08836919532984999,0.02496032133817318,0.1001235453132445,0.02953624861194748
1.9000000000000001,Y3_R,0.08011823005827248,0.019991864895917342,0.08926139562701958,0.023689415648126138
1.9000000000000001,T4a_R,0.0729900905707655,0.01683968306286352,0.08282826821453058,0.019902218204224463
2.0,Mi1_R,0.22230634600764,0.5897738621934394,0.2855271727944533,0.6443543820849342
2.0,Pm2a_R,0.14945974664225914,0.11016281559244073,0.0,0.0
2.0,Pm1_R,0.13987796427827784,0.09359342458419227,0.16018747563203944,0.11012552522593702
2.0,Pm2b_R,0.1534191624355778,0.11525153258232232,0.17583162900267305,0.13546777761818452
2.0,Pm4_R,0.08887068998868954,0.02632930659475676,0.1001975962649897,0.03170273639844463
2.0,Tm3_R,0.09001689664598606,0.026236481328373917,0.10233515721912734,0.031673879349598484
2.0,Y3_R,0.08166574601378082,0.020984130823947275,0.09122246740895823,0.02537353463103445
2.0,T4a_R,0.07438344798778909,0.0176684463005271,0.08469850167775918,0.021302164691866847
2.1,Mi1_R,0.21291920372686146,0.5696225498017906,0.2739217497298354,0.6200395834335344
2.1,Pm2a_R,0.1506590105031775,0.11584877964541238,0.0,0.0
2.1,Pm1_R,0.1410988716701506,0.0983377696776331,0.1621575748268594,0.11782550967047785
2.1,Pm2b_R,0.1546675337717654,0.12119199356614889,0.17789960684419914,0.14503693268071782
2.1,Pm4_R,0.09032884870379512,0.027433147702861652,0.1021253628674601,0.03373956297541076
2.1,Tm3_R,0.09154134494494597,0.027347123914899886,0.10439512532119835,0.03373148108357094
2.1,Y3_R,0.08310521693725735,0.02183864075075164,0.09305161655434734,0.026987125579026196
2.1,T4a_R,0.07567996974204681,0.018379994940501933,0.08644896385610028,0.022639804577262158
2.2,Mi1_R,0.20454161673690407,0.5518641731617339,0.2633433535247016,0.596606499223774
2.2,Pm2a_R,0.15165324375232347,0.12093697616572208,0.0,0.0
2.2,Pm1_R,0.14213031614360608,0.1025599118397211,0.16388110560282168,0.12528573905907903
2.2,Pm2b_R,0.1557044818895133,0.12650511901737999,0.17969234784560503,0.15432999322994212
2.2,Pm4_R,0.09167866653326469,0.0283524474522413,0.10391746308386009,0.035672240212394145
2.2,Tm3_R,0.0929546360767414,0.028275749528162652,0.10631580449328237,0.03568957760505395
2.2,Y3_R,0.08444741464299678,0.022542293927069832,0.09476006815742277,0.028514284745718307
2.2,T4a_R,0.07688962422464993,0.018963328907969295,0.08808985729230646,0.023901665924038723
2.3000000000000003,Mi1_R,0.1970629008330652,0.5367277673855695,0.25369945856747067,0.5742551377445563
2.3000000000000003,Pm2a_R,0.15246642210456055,0.12536475151928925,0.0,0.0
2.3000000000000003,Pm1_R,0.14299430284332348,0.10620689038746305,0.16538181002105892,0.13244544831155847
2.3000000000000003,Pm2b_R,0.15655450813787994,0.13112518903891124,0.18123629428196725,0.16327284809967707
2.3000000000000003,Pm4_R,0.0929310583898617,0.029073297385371753,0.10558545712285942,0.03748199587074182
2.3000000000000003,Tm3_R,0.0942675727876219,0.02900851284015576,0.10810846958440232,0.03752962996378282
2.3000000000000003,Y3_R,0.08570194545860725,0.023084231197148607,0.09635804275116289,0.029939931383364028
2.3000000000000003,T4a_R,0.07802128944507986,0.0194093602460911,0.08963046767107853,0.02507500862631971
2.4000000000000004,Mi1_R,0.19038454638346425,0.5244074623861779,0.244905905671433,0.5531758382394782
2.4000000000000004,Pm2a_R,0.1531198545946484,0.12907786743751423,0.0,0.0
2.4000000000000004,Pm1_R,0.14371038852058474,0.10923318097679795,0.16668124882272647,0.13924646976665522
2.4000000000000004,Pm2b_R,0.15723939744085627,0.13499530054062203,0.18255546891388164,0.17179435586483116
2.4000000000000004,Pm4_R,0.09409575585671698,0.02958469042235611,0.10713987065176128,0.03915121413892313
2.4000000000000004,Tm3_R,0.09548980603025377,0.029534435310868717,0.1097834121077952,0.03923421389307327
2.4000000000000004,Y3_R,0.08687737813819069,0.023456006515357702,0.09785484703817707,0.031249955926489267
2.4000000000000004,T4a_R,0.07908287303528473,0.01971105641030574,0.09107924679422523,0.026147952170549795
2.5,Mi1_R,0.18441887845228155,0.5150599506022862,0.2368861449699564,0.5335476179735285
2.5,Pm2a_R,0.15363247764710558,0.1320311668620804,0.0,0.0
2.5,Pm1_R,0.1442959516785909,0.11160126522083458,0.16779899966157125,0.1456337138767445
2.5,Pm2b_R,0.15777851757402267,0.1380680685694765,0.18367169441446238,0.1798269198713599
2.5,Pm4_R,0.09518143715391314,0.02987869307501655,0.1085902882896768,0.04066360633686479
2.5,Tm3_R,0.09662996074784182,0.02984557765767252,0.11135002820823782,0.04078718724736765
2.5,Y3_R,0.08798135770342383,0.023651724087131048,0.09925895641297963,0.03243135925792088
2.5,T4a_R,0.08008141904282054,0.019863553925502618,0.0924438880431157,0.0271095954362134
2.6,Mi1_R,0.17908786439826418,0.5088024551737643,0.2295705473363654,0.5155366202891019
2.6,Pm2a_R,0.15402111676713523,0.13418912172423328,0.0,0.0
2.6,Pm1_R,0.14476643296586833,0.11328209500516656,0.1687528373730471,0.15155562274451917
2.6,Pm2b_R,0.15818908549705435,0.14030620442423616,0.18460479292884824,0.18730703244401012
2.6,Pm4_R,0.09619584280278065,0.029950574256708155,0.1099454386383812,0.042004369529927955
2.6,Tm3_R,0.09769574784035534,0.0299371697008892,0.112816898696267,0.04217384589408462
2.6,Y3_R,0.08902070676128801,0.023668139049912384,0.10057809001855614,0.0334723817258777
2.6,T4a_R,0.08102320296725389,0.019864240665089412,0.0937313950085347,0.02795012737247897
2.7,Mi1_R,0.17432205271614098,0.505711225242771,0.22289577812615635,0.49929467727196947
2.7,Pm2a_R,0.15430071941674658,0.13552625584140274,0.0,0.0
2.7,Pm1_R,0.1451355490930062,0.11425544561194134,0.16955889790648015,0.1569645926601758
2.7,Pm2b_R,0.15848640436820183,0.14168296335853112,0.18537276756456858,0.19417578376001396
2.7,Pm4_R,0.09714587856216601,0.029798888736620264,0.11121327161689357,0.04316033155620136
2.7,Tm3_R,0.09869406383302873,0.029807695628668914,0.11419186186652365,0.04338106660521126
2.7,Y3_R,0.09000151567673435,0.023504720122459834,0.1018192790128876,0.03436262067456237
2.7,T4a_R,0.08191381633397542,0.01971280545760448,0.09494814390648985,0.0286609274718655
2.8000000000000003,Mi1_R,0.17005962867526592,0.5058205779837982,0.21680422760060403,0.48495799962419534
2.8000000000000003,Pm2a_R,0.15448456224789542,0.13602743775444515,0.0,0.0
2.8000000000000003,Pm1_R,0.14541548318744582,0.11451015323838128,0.17023182739954762,0.16181736207198
2.8000000000000003,Pm2b_R,0.15868407446774657,0.14218245638113416,0.1859919674483426,0.20037933118625445
2.8000000000000003,Pm4_R,0.09803770703765086,0.02942551392030213,0.11240102879647922,0.04412008109411351
2.8000000000000003,Tm3_R,0.09963107960000463,0.029458933342409562,0.11548207975255582,0.04439743561103978
2.8000000000000003,Y3_R,0.09092922282686527,0.023163673186871687,0.10298892865994329,0.035093135356078005
2.8000000000000003,T4a_R,0.08275824195712528,0.019411254192657896,0.09609994034252756,0.029234655056338682
2.9000000000000004,Mi1_R,0.16624557389983496,0.5091224996347241,0.21124349290139122,0.4726460052059448
2.9000000000000004,Pm2a_R,0.154584435515346,0.13568804003416066,0.0,0.0
2.9000000000000004,Pm1_R,0.14561705418021273,0.11404423402591113,0.17078491774043145,0.16607536172816054
2.9000000000000004,Pm2b_R,0.15879418090224265,0.14179982243609765,0.1864772378368486,0.20586932522233323
2.9000000000000004,Pm4_R,0.09887682921049441,0.028835639290752516,0.11351530736970936,0.04487408153342244
2.9000000000000004,Tm3_R,0.10051231934709898,0.028895947181761004,0.11669409841139253,0.04521336160767298
2.9000000000000004,Y3_R,0.0918086860282099,0.022649925319564022,0.1040928748040335,0.035656538207528295
2.9000000000000004,T4a_R,0.08356092091656026,0.018963892077028855,0.09719207093619327,0.029665326494937888
3.0,Mi1_R,0.16283091845000885,0.5155668103103643,0.2061659069102797,0.4624602964719382
3.0,Pm2a_R,0.15461080718126086,0.13451396333350432,0.0,0.0
3.0,Pm1_R,0.14574986753296193,0.1128648832825463,0.1712302298412088,0.16970502406122467
3.0,Pm2b_R,0.1588274606452607,0.14054125906457787,0.18684205663435213,0.21060328856942664
3.0,Pm4_R,0.09966815699583845,0.028037708507617755,0.11456211832985574,0.045414767560203705
3.0,Tm3_R,0.10134273092516684,0.028127033976975222,0.1178339027775198,0.045821172150246205
3.0,Y3_R,0.09264424610852397,0.021971069347459578,0.10513643523582789,0.036047071602797603
3.0,T4a_R,0.08432581216097845,0.018377272176954167,0.09822935027095596,0.029948379584162865
3.1,Mi1_R,0.15977207522255132,0.5250618898306199,0.20152810975013857,0.45448379570192454
3.1,Pm2a_R,0.15457296894702835,0.13252152522893962,0.0,0.0
3.1,Pm1_R,0.14582244935961364,0.11098835516284751,0.1715787057352905,0.1726780492440084
3.1,Pm2b_R,0.15879345118904728,0.13842391149073324,0.18709865854763133,0.2145449452514703
3.1,Pm4_R,0.10041607781758494,0.027043314826655555,0.11554693938473418,0.04573662352417326
3.1,Tm3_R,0.10212674842763131,0.027163623027051987,0.118906966577068,0.046215192513966184
3.1,Y3_R,0.09343978348762573,0.021137269566012105,0.10612445641233935,0.036260669322583414
3.1,T4a_R,0.08505644554891732,0.017660110867139967,0.09921616359279829,0.030080724441873607
3.2,Mi1_R,0.15703024761023654,0.5374759542885543,0.19729065906779664,0.4487800455198641
3.2,Pm2a_R,0.15447916620177135,0.12973721565734966,0.0,0.0
3.2,Pm1_R,0.1458423657707337,0.10843972464553184,0.17184027051096776,0.17497162572692776
3.2,Pm2b_R,0.15870062283117078,0.1354756219118387,0.18725814799726268,0.21766449714752042
3.2,Pm4_R,0.1011245120786716,0.02586705115841715,0.11647476308166539,0.0458362428231395
3.2,Tm3_R,0.10286834792079849,0.026020131245808136,0.11991829774861529,0.04639180626370938
3.2,Y3_R,0.0941987685366237,0.02016112980854007,0.10706135595132912,0.0362950021275556
3.2,T4a_R,0.08575596904999368,0.016823171283960065,0.10015650564236325,0.03006078039128283
3.3000000000000003,Mi1_R,0.154570902356577,0.552638865720457,0.19341767558849243,0.44539268072611615
3.3000000000000003,Pm2a_R,0.15433671365800514,0.1261973224905923,0.0,0.0
3.3000000000000003,Pm1_R,0.14581632906757921,0.10525253519777544,0.17202392500151842,0.17656860346460912
3.3000000000000003,Pm2b_R,0.15855649639743935,0.1317345425836172,0.1873306018030436,0.21993884574829314
3.3000000000000003,Pm4_R,0.10179696430874835,0.02452631672495521,0.11735014057707578,0.04571236771305056
3.3000000000000003,Tm3_R,0.10357109706219354,0.024713775345772532,0.12087247977662693,0.04634949693860856
3.3000000000000003,Y3_R,0.09492430640021608,0.019057525593933523,0.1079511612825356,0.03614950696673864
3.3000000000000003,T4a_R,0.0864271907492413,0.015879116342896255,0.1010540159707073,0.029888498442584024
3.4000000000000004,Mi1_R,0.15236330042997204,0.570344450119108,0.1898765207494334,0.44434507594386874
3.4000000000000004,Pm2a_R,0.15415209825003026,0.12194743247527334,0.0,0.0
3.4000000000000004,Pm1_R,0.14575029223364214,0.1014683370167929,0.17213783006898972,0.17745761845381974
3.4000000000000004,Pm2b_R,0.1583677480041147,0.1272486180519698,0.18732516256920018,0.22135175742192834
3.4000000000000004,Pm4_R,0.10243656868517911,0.023041082887360575,0.1181772214450155,0.045365909131420766
3.4000000000000004,Tm3_R,0.10423819927904185,0.023264343532988372,0.12177370930681942,0.04608887042930487
3.4000000000000004,Y3_R,0.09561917689137978,0.01784340259456187,0.10879754480351798,0.035825399505010326
3.4000000000000004,T4a_R,0.08707261622664005,0.014842333321944855,0.101912011057024,0.029565369114647674
3.5,Mi1_R,0.15038007953119228,0.5903532922484962,0.18663750350893527,0.4456401720189864
3.5,Pm2a_R,0.15393107069722822,0.1170418143785217,0.0,0.0
3.5,Pm1_R,0.14564953301215608,0.09713612217352786,0.17218938324299649,0.1776331676297591
3.5,Pm2b_R,0.1581403022860024,0.12207494356883307,0.1872501236112503,0.22189397095982366
3.5,Pm4_R,0.10304612954669601,0.021433621296515687,0.11895978988318072,0.04479994630525365
3.5,Tm3_R,0.10487253310505926,0.02169392975603736,0.122625830379331,0.04561265780079882
3.5,Y3_R,0.09628587000070622,0.016537544150905227,0.10960385585642574,0.03532566980858651
3.5,T4a_R,0.0876944818209596,0.013728732427163434,0.10273351351788083,0.029094415476791955
3.6,Mi1_R,0.14859688255109374,0.6123959693642432,0.18367361369041868,0.4492604825252779
3.6,Pm2a_R,0.15367872698006785,0.11154269270027387,0.0,0.0
3.6,Pm1_R,0.14551872871618826,0.09231166433124093,0.17218528840694478,0.17709563360053507
3.6,Pm2b_R,0.15787941535996675,0.11627900832073211,0.18711300619018573,0.22156324666871177
3.6,Pm4_R,0.10362815745085338,0.0197281980565138,0.11970129764256818,0.04401970610025138
3.6,Tm3_R,0.1054766872078847,0.020026634081963684,0.12343236558519888,0.044925698491522066
3.6,Y3_R,0.09692661750295094,0.015160311007206646,0.11037314981338005,0.034655061184091784
3.6,T4a_R,0.08829478423099434,0.012555522137825422,0.10352127867130366,0.028480171429610318
3.7,Mi1_R,0.1469920269208128,0.6361766801039492,0.18096027945955984,0.45516828012908045
3.7,Pm2a_R,0.15339958083932848,0.10551942171897194,0.0,0.0
3.7,Pm1_R,0.14536202279175314,0.08705677195562232,0.17213161916141217,0.17585125913625174
3.7,Pm2b_R,0.15758974865372027,0.10993383357306886,0.18692062975033896,0.22036435677567873
3.7,Pm4_R,0.10418490126578103,0.017950738077212383,0.12040489397736606,0.043032522254434435
3.7,Tm3_R,0.1060529915809306,0.01828823325290773,0.12419654442400802,0.044034903997759764
3.7,Y3_R,0.09754342109026655,0.0137333568469512,0.11110821453211156,0.03382003232385979
3.7,T4a_R,0.0888753068574069,0.011340964471315575,0.10427781869520325,0.02772864538293463
3.8000000000000003,Mi1_R,0.1455462103536636,0.6613772195638048,0.17847514675027776,0.4633059609722597
3.8000000000000003,Pm2a_R,0.15309762828674212,0.09904757091227805,0.0,0.0
3.8000000000000003,Pm1_R,0.14518308404200259,0.0814384650563922,0.17203387643739726,0.17391207176571055
3.8000000000000003,Pm2b_R,0.15727543460531568,0.10311901717211815,0.18667917579426396,0.2183090174142282
3.8000000000000003,Pm4_R,0.10471837673271922,0.016128464222509704,0.1210734528848373,0.04184777482457977
3.8000000000000003,Tm3_R,0.10660354532126601,0.01650582590344645,0.12492132911544292,0.04294920233027518
3.8000000000000003,Y3_R,0.09813807741429749,0.012279323562462556,0.11181159441982096,0.03282870306601382
3.8000000000000003,T4a_R,0.08943764324399286,0.010104113606988171,0.10500542459795983,0.026847269626932277
3.9000000000000004,Mi1_R,0.1442422489730913,0.6876612469922715,0.17619787865295244,0.47359658365541973
3.9000000000000004,Pm2a_R,0.15277640500654815,0.09220793392086538,0.0,0.0
3.9000000000000004,Pm1_R,0.1449851593206424,0.07552808648840541,0.17189704088030894,0.17129575926644897
3.9000000000000004,Pm2b_R,0.1569401351281614,0.09591969703279951,0.1863942459706398,0.21541576295737463
3.9000000000000004,Pm4_R,0.10523039188779802,0.014289516228088908,0.12170959788053,0.04047681035643732
3.9000000000000004,Tm3_R,0.10713024136878246,0.014707457283912699,0.12560943809461791,0.04167946370530957
3.9000000000000004,Y3_R,0.0987122003772721,0.01082152049428083,0.11248561232168924,0.03169078423121249
3.9000000000000004,T4a_R,0.08998321793770375,0.008864541559377132,0.10570618619926221,0.025844835827797098
4.0,Mi1_R,0.14306484426208566,0.7146787886694767,0.17410997295807984,0.4859445778573688
4.0,Pm2a_R,0.15243903743060583,0.08508547418697629,0.0,0.0
4.0,Pm1_R,0.14477112041373047,0.06940035968009953,0.17172562047840156,0.16802549725893318
4.0,Pm2b_R,0.1565870936378581,0.08842544725829989,0.1860709148990653,0.21170976395385768
4.0,Pm4_R,0.10572256968874928,0.012462554661340906,0.12231572453194355,0.038932843467839345
4.0,Tm3_R,0.10763478854058976,0.012921728634191578,0.12626336740026659,0.04023840810347035
4.0,Y3_R,0.09926724097478075,0.009383592118900523,0.11313238943087732,0.030417492147292204
4.0,T4a_R,0.09051330505160049,0.007642054790714134,0.10638201030136582,0.024731417211238872
4.1000000000000005,Mi1_R,0.1420003756617536,0.7420709154536794,0.17219459621210598,0.5002366161264838
4.1000000000000005,Pm2a_R,0.15208828818357822,0.0777682211878704,0.0,0.0
4.1000000000000005,Pm1_R,0.14454350574985733,0.06313240533778032,0.1715236938664816,0.164129730529395
4.1000000000000005,Pm2b_R,0.15621918134951565,0.08072912137449521,0.18571377820819915,0.2072225904015895
4.1000000000000005,Pm4_R,0.10619636815419439,0.010676355422677324,0.12289402095357774,0.03723084070593537
4.1000000000000005,Tm3_R,0.10811873115784951,0.011177396581426474,0.12688541014596907,0.038640495495822116
4.1000000000000005,Y3_R,0.09980450495961704,0.007989178844360149,0.11375386339904076,0.029021448617008852
4.1000000000000005,T4a_R,0.09102904478363415,0.006456405797710752,0.10703463721462561,0.023518278123765418
4.2,Mi1_R,0.14103671599593548,0.7694745322045108,0.17043643279092102,0.5163426409378146
4.2,Pm2a_R,0.15172659651802967,0.07034613178748687,0.0,0.0
4.2,Pm1_R,0.14430455750825646,0.0568027301869023,0.17129494969669729,0.15964191010452117
4.2,Pm2b_R,0.15583893847621166,0.07292565780730148,0.18532699622056847,0.20199192255433135
4.2,Pm4_R,0.10665309828928587,0.008959400438179896,0.12344648644792294,0.03538738770430692
4.2,Tm3_R,0.10858346652955668,0.009502968090432913,0.1274776742473894,0.03690179969526456
4.2,Y3_R,0.10032516856641249,0.006661575689395229,0.11435180481017851,0.027516567221351207
4.2,T4a_R,0.09153145811631193,0.005327003795790428,0.10766565578632244,0.022217771782410207
4.3,Mi1_R,0.14016306720947236,0.7965272148667817,0.16882154763175622,0.5341170377394742
4.3,Pm2a_R,0.1513561142910475,0.06290993164006106,0.0,0.0
4.3,Pm1_R,0.1440562546316884,0.050490201149650235,0.17104272243275898,0.15460018848141008
4.3,Pm2b_R,0.15544861088983164,0.06511086317651836,0.18491433367815593,0.19606121189930018
4.3,Pm4_R,0.10709394004134484,0.007339470266253478,0.12397494846024358,0.03342054082112021
4.3,Tm3_R,0.1090302605286763,0.007926296575136094,0.1280420985628633,0.03503986694156395
4.3,Y3_R,0.10083029251040831,0.005423393671597487,0.11492783216590538,0.025917926980185853
4.3,T4a_R,0.09202145989753045,0.0042726286540009165,0.1082765170683164,0.02084322713694626
4.4,Mi1_R,0.13936981418428251,0.8228720304366238,0.1673372613873227,0.5533999434252096
4.4,Pm2a_R,0.15097873797328734,0.05554995179209585,0.0,0.0
4.4,Pm1_R,0.14380034219515497,0.04427301851752275,0.17077002489165066,0.1490470757746231
4.4,Pm2b_R,0.15505018274376275,0.05738018922002826,0.18447919586717904,0.18947929536118552
4.4,Pm4_R,0.10751995650231899,0.005843244334468997,0.12448107799980393,0.03134966458434464
4.4,Tm3_R,0.10946026147014691,0.006474184781779595,0.1285804675904376,0.033073560468856004
4.4,Y3_R,0.10132083445023103,0.004296228712381747,0.1154834255168235,0.024241634512098872
4.4,T4a_R,0.09249987048081515,0.003311152205099483,0.10886854674678273,0.01940882587368286
4.5,Mi1_R,0.1386483946434873,0.8481622753407267,0.16597203687773393,0.5740186784784322
4.5,Pm2a_R,0.15059613712729808,0.04835497564163485,0.0,0.0
4.5,Pm1_R,0.1435383575318344,0.03822770165647742,0.17047957782760098,0.14302905987566158
4.5,Pm2b_R,0.15464540550193298,0.049827519194729386,0.18402466146808827,0.1822999661783027
4.5,Pm4_R,0.10793210655101707,0.004495914437008478,0.12496640366638742,0.02919525640306295
4.5,Tm3_R,0.10987451247721249,0.0051719999798129366,0.12909442485154526,0.031022892433764115
4.5,Y3_R,0.10179766008363793,0.0033003427816070165,0.11601993886250056,0.022504675945103008
4.5,T4a_R,0.09296742608357982,0.0024592709680033627,0.10944295644614305,0.01792947068567279
4.6000000000000005,Mi1_R,0.13799118337284255,0.8720660689343288,0.16471537581782522,0.5957892899469956
4.6000000000000005,Pm2a_R,0.15020977974390043,0.041411111226573406,0.0,0.0
4.6000000000000005,Pm1_R,0.14327165347344742,0.03242810058111315,0.1701738368263189,0.1365961940258719
4.6000000000000005,Pm2b_R,0.15423582376976555,0.04254397942540576,0.18355351242721904,0.17458150525601687
4.6000000000000005,Pm4_R,0.10833125610683747,0.0033208169590530907,0.12543232440835742,0.02697876012380122
4.6000000000000005,Tm3_R,0.11027396250203583,0.004043306845129819,0.1295854850797019,0.028908844699309637
4.6000000000000005,Y3_R,0.10226155302660683,0.0024543618534109655,0.11653861143144623,0.020724759928349174
4.6000000000000005,T4a_R,0.09342478800456375,0.0017322541749854442,0.11000085400913129,0.016420646019655965
4.7,Mi1_R,0.13739138918363547,0.8942707408478161,0.16355772488973727,0.618518191437238
4.7,Pm2a_R,0.14982095478259738,0.03480070342971796,0.0,0.0
4.7,Pm1_R,0.1430014190229356,0.026944446356345863,0.16985501675329934,0.12980165547900452
4.7,Pm2b_R,0.1538227982790782,0.035616791292705674,0.18306826111977303,0.16638617712806442
4.7,Pm4_R,0.10871818814780686,0.0023390890541641236,0.12588012112710922,0.024722370116508754
4.7,Tm3_R,0.1106594761482908,0.003109523194617627,0.13005504532193163,0.026753180073464417
4.7,Y3_R,0.10271322360959328,0.0017749950291108924,0.11704057794242222,0.018920153181200015
4.7,T4a_R,0.09387255082606276,0.0011437107955226805,0.11054325284572729,0.014898272584519805
4.800000000000001,Mi1_R,0.13684296321464823,0.9144869537574093,0.16249039031499024,0.6420038854689087
4.800000000000001,Pm2a_R,0.1494307922239077,0.028601300113081665,0.0,0.0
4.800000000000001,Pm1_R,0.14272869774233476,0.02184245273546352,0.1695251139778919,0.1227012791720388
4.800000000000001,Pm2b_R,0.15340752634021074,0.029128178372062125,0.1825711750493605,0.15777969494524957
4.800000000000001,Pm4_R,0.10909361162892156,0.001569353687326833,0.12631096723234989,0.022448827665329883
4.800000000000001,Tm3_R,0.11103184242718539,0.002389603433738876,0.1305043950508848,0.02457824569055634
4.800000000000001,Y3_R,0.10315331671004917,0.0012767789057022258,0.11752687793923884,0.01710951008916658
4.800000000000001,T4a_R,0.09431124971274224,0.000705378995215442,0.11107108043528369,0.013378556968750474
4.9,Mi1_R,0.13634051732516303,0.9324525067831803,0.16150546015676676,0.6660387528168201
4.9,Pm2a_R,0.14904028090762525,0.022884685435591787,0.0,0.0
4.9,Pm1_R,0.14245440410758867,0.017182480729982953,0.1691859265747583,0.11535307053035873
4.9,Pm2b_R,0.1529910600401821,0.023154342664919027,0.18206429930714038,0.14883065916077032
4.9,Pm4_R,0.1094581694218178,0.0010274380740002572,0.12672593824318962,0.02018121151380302
4.9,Tm3_R,0.11139178256391279,0.001899754214026308,0.1309347253767544,0.02240677029797719
4.9,Y3_R,0.10358241872719433,0.0009718509332177241,0.11799846428285163,0.015311697915593257
4.9,T4a_R,0.09474136690651641,0.00042694116508159826,0.11158518605853873,0.011877837764676831
5.0,Mi1_R,0.13587925146833557,0.9479357690780837,0.16059573365276322,0.6904108928870553
5.0,Pm2a_R,0.14865028440084194,0.017715992677522822,0.0,0.0
5.0,Pm1_R,0.1421793380543214,0.013018776939213083,0.16883907268608847,0.10781670170416091
5.0,Pm2b_R,0.15257432243498859,0.0177645229126884,0.1815494769934128,0.13960997479004175
5.0,Pm4_R,0.10981244538347114,0.0007261295993402675,0.127126020521432,0.01794272447188061
5.0,Tm3_R,0.11173995695865724,0.0016531863697947847,0.13134713744004836,0.020261657269065914
5.0,Y3_R,0.10400106379336187,0.0008697551154723765,0.11845621087698822,0.013545619243017986
5.0,T4a_R,0.09516333750602232,0.000315867307885152,0.11208634782926694,0.010412429634776921
5.1000000000000005,Mi1_R,0.1354548890565257,0.9607386982053693,0.15975465694229468,0.7149059987399657
5.1000000000000005,Pm2a_R,0.1482615551127337,0.013152907804369056,0.0,0.0
5.1000000000000005,Pm1_R,0.14190419791393585,0.009398795457750058,0.16848600721133672,0.10015299566565375
5.1000000000000005,Pm2b_R,0.15215812195685202,0.013020146865522948,0.18102836778615305,0.13019025228865996
5.1000000000000005,Pm4_R,0.11015697064977467,0.0006749727977264912,0.12751211921562822,0.0157564780326536
5.1000000000000005,Tm3_R,0.11207697139483552,0.0016599067187842973,0.1317426500589486,0.01816577520511442
5.1000000000000005,Y3_R,0.10440973930586642,0.0009772829717435802,0.118900919696637,0.011830033288403779
5.1000000000000005,T4a_R,0.09557755460947616,0.0003772891787340304,0.11257527908900145,0.008998466779548504
5.2,Mi1_R,0.13506361943895778,0.9706994035401143,0.15897626460893202,0.7393092500831638
5.2,Pm2a_R,0.14787474684921736,0.009244973767443421,0.0,0.0
5.2,Pm1_R,0.1416295919174413,0.006362612041063457,0.16812803697614062,0.09242340269006168
5.2,Pm2b_R,0.1517431652329158,0.008974088107454061,0.18050246482427967,0.12064519721371109
5.2,Pm4_R,0.11049222923928963,0.0008801104176201376,0.12788506548734668,0.013645276969482555
5.2,Tm3_R,0.1124033825770605,0.0019265527763648747,0.13212220669832675,0.016141748014774335
5.2,Y3_R,0.10480889085409675,0.0012983521976329398,0.11933332718245354,0.010183377751622563
5.2,T4a_R,0.09598437389102088,0.0006139071523058716,0.11305263422252042,0.007651747277184472
5.300000000000001,Mi1_R,0.13470204670890976,0.9776942210971898,0.15825512651232848,0.7634072074174183
5.300000000000001,Pm2a_R,0.1474904259793324,0.006033004175025809,0.0,0.0
5.300000000000001,Pm1_R,0.14135604842488875,0.003942437958341787,0.1677663345183453,0.08468947379694143
5.300000000000001,Pm2b_R,0.15133006849026276,0.005670036633931973,0.179973110058258,0.11104899391008077
5.300000000000001,Pm4_R,0.11081866304307708,0.0013441709981196872,0.12824562308464194,0.0116314058891604
5.300000000000001,Tm3_R,0.11271970307224669,0.0024562728545741708,0.1324866818214257,0.01421174636748155
5.300000000000001,Y3_R,0.10519892660832263,0.0018339249482386395,0.1197541100584353,0.008623592856506173
5.300000000000001,T4a_R,0.09638411767295894,0.00102593133457858,0.11351901394656531,0.006387579762410619
5.4,Mi1_R,0.13436714414378298,0.9816392727991297,0.1575862994305403,0.7869896905281631
5.4,Pm2a_R,0.14710908136628015,0.003548613494865971,0.0,0.0
5.4,Pm1_R,0.14108402502090783,0.0021622396148135202,0.16740195061656787,0.0770123357414394
5.4,Pm2b_R,0.15091936770288356,0.00314199085626735,0.17944150820682864,0.101475688494178
5.4,Pm4_R,0.11113667626816205,0.0020662047494900164,0.12859449432182296,0.00973641970367976
5.4,Tm3_R,0.11302640571920572,0.003248653403443031,0.13283688667970656,0.01239728240877686
5.4,Y3_R,0.10558022122938193,0.0025819671228600734,0.12016389062502465,0.007167949228433008
5.4,T4a_R,0.0967770785493959,0.0016110579591302823,0.11397497011950873,0.005220633895329562
5.5,Mi1_R,0.13405621365808568,0.982491490163554,0.1569652830774651,0.8098516246748352
5.5,Pm2a_R,0.14673113319921877,0.0018138693861395893,0.0,0.0
5.5,Pm1_R,0.14081391660136247,0.0010374686010528788,0.1670358256753781,0.06945217211782784
5.5,Pm2b_R,0.15051152761908465,0.001413877090340389,0.17890873944609043,0.0919985763924477
5.5,Pm4_R,0.11144663939474404,0.003041668869045911,0.12893232551926978,0.00798093995225048
5.5,Tm3_R,0.11332392756489514,0.004299694811113136,0.1331735745913465,0.010719009599645394
5.5,Y3_R,0.10595311935190752,0.0035374494652015754,0.12056324157508112,0.005832881221903624
5.5,T4a_R,0.09716352261070131,0.0023644816135530203,0.11442101011536891,0.0041647960410902286
5.6000000000000005,Mi1_R,0.13376684971761138,0.98024908961666,0.15638798009943214,0.8317948381381189
5.6000000000000005,Pm2a_R,0.1463569408469314,0.00084107112759835,0.0,0.0
5.6000000000000005,Pm1_R,0.14054606256238675,0.0005749053435411722,0.1666688000708305,0.06206771507030649
5.6000000000000005,Pm2b_R,0.15010694979259787,0.0004993008958750267,0.17837577094573567,0.08268959963144398
5.6000000000000005,Pm4_R,0.11174889270065438,0.004262462745088418,0.1292597119521809,0.0063844588566596295
5.6000000000000005,Tm3_R,0.11361267337909547,0.005601836219867069,0.13349744575431458,0.00919652949943935
5.6000000000000005,Y3_R,0.10631793868795865,0.004692390714197075,0.12095269037586823,0.004633827266121201
5.6000000000000005,T4a_R,0.09754369231276375,0.0032789433371725333,0.1148576008016381,0.0032330315379100532
5.7,Mi1_R,0.13349690722379898,0.9749514940293906,0.15585065969081957,0.8526297952383077
5.7,Pm2a_R,0.14598680984114643,0.0006326564305326238,0.0,0.0
5.7,Pm1_R,0.1402807531907979,0.0007726180089584544,0.1663016235506973,0.05491575199927123
5.7,Pm2b_R,0.14970597972706845,0.0004014328901449376,0.17784346735684953,0.07361875897075248
5.7,Pm4_R,0.11204374940066646,0.0057170128144017635,0.1295772023527094,0.004965152927301712
5.7,Tm3_R,0.11389301879359465,0.007144029246344862,0.13380915163580603,0.007848207252959845
5.7,Y3_R,0.106674972792762,0.006035942456108234,0.12133272325629955,0.0035850787366234543
5.7,T4a_R,0.09791780903016509,0.0043448141241185425,0.1152851721568184,0.002437254874783427
5.800000000000001,Mi1_R,0.13324447293132533,0.9666787025260833,0.15534992450116825,0.872177249532408
5.800000000000001,Pm2a_R,0.14562099808542814,0.0011812372227365852,0.0,0.0
5.800000000000001,Pm1_R,0.14001823534399266,0.0016200367747761758,0.16593496377519634,0.04805065150608813
5.800000000000001,Pm2b_R,0.14930891323154222,0.0011130298893738883,0.17731260034623086,0.06485354582071882
5.800000000000001,Pm4_R,0.11233149844302931,0.007390406152534952,0.12988530300591852,0.0037397078548004627
5.800000000000001,Tm3_R,0.11416531310690199,0.008911859825028321,0.13410929897604215,0.006690997467361646
5.800000000000001,Y3_R,0.10702449352968237,0.007554514746522291,0.12170378883513434,0.0026996387870250964
5.800000000000001,T4a_R,0.09828607532809785,0.005550212862944301,0.11570412056030945,0.0017882090315980642
5.9,Mi1_R,0.13300784001006524,0.9555501180314807,0.1548826805358997,0.8902698026278003
5.9,Pm2a_R,0.14525972137499443,0.0024697632856558976,0.0,0.0
5.9,Pm1_R,0.13975871749772104,0.0030981420413718074,0.16556941407624282,0.04152391263723953
5.9,Pm2b_R,0.1489160020738178,0.002616590455823551,0.17678385726359672,0.056458398695226265
5.9,Pm4_R,0.11261240700092748,0.009264571200142397,0.13018448147632847,0.0027231563238198334
5.9,Tm3_R,0.114429881791004,0.010887716733667988,0.1343984534410138,0.0057402820743788436
5.9,Y3_R,0.10736675326745612,0.009231940999347715,0.12206630142258423,0.0019890924875794803
5.9,T4a_R,0.09864867698401354,0.006881157252510987,0.11611481178433379,0.001295355153954975
6.0,Mi1_R,0.1327854854053556,0.941722849300662,0.15444610977972323,0.9067533549095973
6.0,Pm2a_R,0.1449031583034195,0.004471810943990506,0.0,0.0
6.0,Pm1_R,0.13950237423150286,0.0051797636466719066,0.16520550050617833,0.03538374127117245
6.0,Pm2b_R,0.14852745900897335,0.004884642172119888,0.1762578490202181,0.04849418871744385
6.0,Pm4_R,0.11288672269242138,0.01131850337234544,0.13047516999849523,0.0019287302722801158
6.0,Tm3_R,0.11468702873266362,0.013051004716740852,0.1346771429556261,0.005009721668733978
6.0,Y3_R,0.10770198683908792,0.011049680086810043,0.12242064402485768,0.0014634895173194558
6.0,T4a_R,0.09900578478657593,0.008321745760659253,0.11651758371490128,0.0009667736434525554
6.1000000000000005,Mi1_R,0.13257604968859146,0.9253895112200138,0.1540376452963196,0.921488435459499
6.1000000000000005,Pm2a_R,0.14455145462381785,0.0071519923675661574,0.0,0.0
6.1000000000000005,Pm1_R,0.1392493502137654,0.007829986673490882,0.16484368824050866,0.02967465724033505
6.1000000000000005,Pm2b_R,0.14814346225186564,0.00788015624993669,0.17573511725041813,0.04101773842571991
6.1000000000000005,Pm4_R,0.1131546755587278,0.013528532670460485,0.13075776856203603,0.0013677289917670915
6.1000000000000005,Tm3_R,0.11493703823819702,0.015378399507062249,0.13494586074586146,0.004511121695426474
6.1000000000000005,Y3_R,0.10803041328857452,0.01298705306748995,0.12276717107849143,0.0011312405448835447
6.1000000000000005,T4a_R,0.09935755613646007,0.00985436824397934,0.11691274882636393,0.0008090776423693349
6.2,Mi1_R,0.13237831912408338,0.9067755538807483,0.15365494858021128,0.9343513995371759
6.2,Pm2a_R,0.14420472712466426,0.010466479470975747,0.0,0.0
6.2,Pm1_R,0.13899976374194417,0.011006658031880915,0.16448438739333016,0.024437135498977223
6.2,Pm2b_R,0.14776415945483162,0.011557083430282444,0.17521614082090659,0.03408137782010072
6.2,Pm4_R,0.11341647982741454,0.015868629825203505,0.13103264771876014,0.0010494043245710446
6.2,Tm3_R,0.11518017682748463,0.017844141464788472,0.13520506811600008,0.004254314727937562
6.2,Y3_R,0.10835223742874381,0.015021511465987004,0.12310621093889727,0.0009990283107674032
6.2,T4a_R,0.09970413647083351,0.011459942430133312,0.11730059643189479,0.0008273397804692037
6.300000000000001,Mi1_R,0.13219120970825887,0.8861361572198189,0.15329588895698812,0.9452354831909698
6.300000000000001,Pm2a_R,0.14386306707378008,0.014363634908104262,0.0,0.0
6.300000000000001,Pm1_R,0.13875370988670285,0.01466098667267742,0.16412795829880786,0.019707284336909797
6.300000000000001,Pm2b_R,0.14738967124507366,0.015861003568955586,0.17470134174703197,0.02773254125012161
6.300000000000001,Pm4_R,0.11367233548415576,0.01831074695582146,0.1313001511370603,0.0009808640607742271
6.300000000000001,Tm3_R,0.11541669484014369,0.020420364015232496,0.13545519698458452,0.004247059937406692
6.300000000000001,Y3_R,0.10866765123093292,0.017128933574760176,0.1234380681453318,0.0010717342917594152
6.300000000000001,T4a_R,0.1000456605309522,0.013118173084630721,0.11768139473019515,0.001025032932057907
6.4,Mi1_R,0.13201375296415652,0.8637527338116531,0.1529585248465344,0.9540517058523232
6.4,Pm2a_R,0.14352654327811962,0.018784741275744362,0.0,0.0
6.4,Pm1_R,0.13851126328401211,0.01873822906160844,0.16377471630723872,0.015516563303360445
6.4,Pm2b_R,0.14702009437022578,0.020729879843651534,0.17419109056969753,0.022013408374626224
6.4,Pm4_R,0.11392242967409366,0.02082518823810488,0.13156059792644417,0.0011669944764736494
6.4,Tm3_R,0.11564682787427824,0.02307745257958976,0.1356966522006839,0.0044949607007911015
6.4,Y3_R,0.10897683506495053,0.019283944842481717,0.12376302548249829,0.0013523816879083348
6.4,T4a_R,0.10038225349016335,0.014807830347166933,0.11805539266690318,0.0014039856045160108
6.5,Mi1_R,0.1318450832980304,0.8399290876006035,0.15264108672064947,0.9607296131363049
6.5,Pm2a_R,0.14319520480175257,0.023664818381195617,0.0,0.0
6.5,Pm1_R,0.13827248061401015,0.023178450432064967,0.16342493613982365,0.011891543146374865
6.5,Pm2b_R,0.14665550449524983,0.026094907187670456,0.173685711241807,0.016960592027759396
6.5,Pm4_R,0.11416693795153428,0.023381005642788066,0.13181428475300694,0.0016104027830316676
6.5,Tm3_R,0.11587079807597686,0.025784429262586596,0.13592981366006518,0.0050014011352684075
6.5,Y3_R,0.10927995880574108,0.021460258059609716,0.12408134585715197,0.0018420953247930626
6.5,T4a_R,0.10071403195770424,0.016507043433481736,0.11842282162749544,0.0019643524464680907
6.6000000000000005,Mi1_R,0.13168442674616604,0.8149872809186539,0.1523419616017403,0.9652178535063238
6.6000000000000005,Pm2a_R,0.14286908337975993,0.02893351730940312,0.0,0.0
6.6000000000000005,Pm1_R,0.13803740280127721,0.0279173513535451,0.16307885584228599,0.008853709695113612
6.6000000000000005,Pm2b_R,0.14629595868906617,0.031881443366377715,0.17318548556869706,0.012604875405532744
6.6000000000000005,Pm4_R,0.11440602539464322,0.025946414440518088,0.1320614877647733,0.0023113800787262096
6.6000000000000005,Tm3_R,0.11608881529574008,0.028509358194190048,0.1361550382391173,0.005767502178122548
6.6000000000000005,Y3_R,0.10957718282135831,0.02363102875589534,0.12439327400642526,0.0025400789104545133
6.6000000000000005,T4a_R,0.10104110487198903,0.018193605661415868,0.11878389697696087,0.0027046002257270344
6.7,Mi1_R,0.13153109095890697,0.7892632659751796,0.1520596789631248,0.9674845839520829
6.7,Pm2a_R,0.14254819556161652,0.034516079060307535,0.0,0.0
6.7,Pm1_R,0.13780605696734075,0.03288714831474488,0.1627366803738231,0.00641931321829394
6.7,Pm2b_R,0.1459414976350934,0.0380100100817758,0.17269065724297683,0.008971000548220389
6.7,Pm4_R,0.11463984759997393,0.028489222875558155,0.13230246434411053,0.0032678852099232735
6.7,Tm3_R,0.11630107812624277,0.031219766123993634,0.13637266156276048,0.006792097657559533
6.7,Y3_R,0.10986865885525601,0.025769220990477803,0.12469903805307078,0.003443609928491718
6.7,T4a_R,0.10136357429556977,0.019845286577962758,0.11913881946013337,0.0036215094854286393
6.800000000000001,Mi1_R,0.1313844562857551,0.7631023400841834,0.1517928979041143,0.9675177013622553
6.800000000000001,Pm2a_R,0.14223254461392984,0.04033434472901574,0.0,0.0
6.800000000000001,Pm1_R,0.13757845816283132,0.03801749633619416,0.16239858486458433,0.004599264385445056
6.800000000000001,Pm2b_R,0.1455921475961171,0.04439735063084409,0.1722014355105439,0.006077509639244476
6.800000000000001,Pm4_R,0.11486855157002733,0.030977270191915044,0.13253745470286768,0.0044755497605748346
6.800000000000001,Tm3_R,0.11650777483425875,0.033883072640917174,0.136582999621118,0.00807173062189174
6.800000000000001,Y3_R,0.11015453081446579,0.02784797854652942,0.12499885092145148,0.004548052287951998
6.800000000000001,T4a_R,0.10168153612261462,0.021440146840399642,0.11948777647532076,0.004710191942637439
6.9,Mi1_R,0.1312439678403683,0.7368544861690899,0.15154039548452017,0.9653248978338322
6.9,Pm2a_R,0.14192212220911885,0.04630780358023709,0.0,0.0
6.9,Pm1_R,0.13735461090368933,0.043236441106032204,0.16206471757184218,0.0033990775422326532
6.9,Pm2b_R,0.14524792216054797,0.05095752996547033,0.17171799850121333,0.003936640175203093
6.9,Pm4_R,0.11509227650558795,0.0333788670558453,0.13276668333447028,0.005927704198147362
6.9,Tm3_R,0.11670908419816971,0.03646702424066731,0.13678635024838953,0.009600670013893493
6.9,Y3_R,0.11043493547396603,0.02984099644165042,0.12529291162684988,0.005846886688217398
6.9,T4a_R,0.10199508070855136,0.022956851441008494,0.11983094323271451,0.005964123548474181
7.0,Mi1_R,0.13110912843763584,0.7108696615256814,0.1513010561136756,0.960933539734405
7.0,Pm2a_R,0.14161690992368503,0.05235466493187557,0.0,0.0
7.0,Pm1_R,0.13713451053312767,0.048471387780608825,0.16173520256230678,0.0028188615905665867
7.0,Pm2b_R,0.14490882379416148,0.05760306251416319,0.17124049625436977,0.0025542745884034545
7.0,Pm4_R,0.1153111545132912,0.035663232359846905,0.13299036033591682,0.0076154250127293275
7.0,Tm3_R,0.11690517626122787,0.03894012639120053,0.1369829944761633,0.01137094759548991
7.0,Y3_R,0.11071000310640774,0.0317228876340192,0.1255814064495372,0.0073317584945853855
7.0,T4a_R,0.1023042934304631,0.024374976862605258,0.12016848380803098,0.007375192983819541
7.1000000000000005,Mi1_R,0.13097949230686212,0.6854930984123027,0.15107386189854471,0.9543903719077707
7.1000000000000005,Pm2a_R,0.14131688056712632,0.058392939515883965,0.0,0.0
7.1000000000000005,Pm1_R,0.1369181444286683,0.05365007341338192,0.16141014214552846,0.0028533583422879795
7.1000000000000005,Pm2b_R,0.14457484521875466,0.06424605283402286,0.17076905346729865,0.0019299444268954461
7.1000000000000005,Pm4_R,0.11552531123772258,0.03780092041631306,0.13320868261144583,0.009527602495772947
7.1000000000000005,Tm3_R,0.11709621300963155,0.04127206775335941,0.13717319777229703,0.013372414846915962
7.1000000000000005,Y3_R,0.11097985804535973,0.033469539843356134,0.12586451000400187,0.008992542759141603
7.1000000000000005,T4a_R,0.10260925518587444,0.025675307811379378,0.12050055210088322,0.008933765221215521
7.2,Mi1_R,0.1308546594956683,0.661060679765406,0.15085788386414978,0.9457610499731074
7.2,Pm2a_R,0.14102199936022516,0.06434151593013435,0.0,0.0
7.2,Pm1_R,0.13670549307143837,0.05870152997304257,0.16108961908108244,0.003492027795688217
7.2,Pm2b_R,0.14424597063679584,0.07079933406882129,0.17030377199135538,0.0020568887217479884
7.2,Pm4_R,0.11573486642632864,0.03976423265395386,0.13342183496858243,0.011651028617420086
7.2,Tm3_R,0.11728234898347933,0.04343413079999925,0.1373572111755015,0.015592819385699999
7.2,Y3_R,0.11124461918933545,0.03505845751479022,0.12614238621280285,0.01081742586329862
7.2,T4a_R,0.10291004283672878,0.026840119293851727,0.12082729270652548,0.010628759643037165
7.300000000000001,Mi1_R,0.13073427088860412,0.6378944522133088,0.1506522739673769,0.9351295051996312
7.300000000000001,Pm2a_R,0.1407322249793733,0.07012121793314524,0.0,0.0
7.300000000000001,Pm1_R,0.13649653099301376,0.06355702508451866,0.16077369858016327,0.004719179370673809
7.300000000000001,Pm2b_R,0.14392217681904623,0.07717758929590679,0.16984473309883963,0.002922165701362929
7.300000000000001,Pm4_R,0.11593993443450554,0.04152760811567875,0.13362999111629603,0.013970504278332917
7.300000000000001,Tm3_R,0.11746373182778663,0.045399583241278144,0.13753527233484675,0.01801790027588719
7.300000000000001,Y3_R,0.1115044004530666,0.03646908413148838,0.1264151891936515,0.012793003104474248
7.300000000000001,T4a_R,0.10320672960460353,0.02785343998467561,0.12114884170882609,0.012447742069637018
7.4,Mi1_R,0.13061800377284027,0.6162983365975001,0.15045625783238353,0.9225971479282815
7.4,Pm2a_R,0.14044751048176962,0.07565582866150661,0.0,0.0
7.4,Pm1_R,0.1362912276134162,0.06815096797172798,0.16046243012035044,0.006514147734714425
7.4,Pm2b_R,0.14360343407025988,0.08329844114883092,0.16939199954138817,0.004506816552097562
7.4,Pm4_R,0.11614062467742253,0.043067987320597724,0.1338333145741275,0.016468965035060807
7.4,Tm3_R,0.11764050278996531,0.0471440449042975,0.13770760646258323,0.020631501428392755
7.4,Y3_R,0.11175931117177855,0.03768310032623701,0.1266830640675509,0.014904391401218426
7.4,T4a_R,0.10349938542254736,0.0287012930693008,0.12146532740161606,0.014377029920234268
7.5,Mi1_R,0.13050556789074655,0.5965540934367983,0.15026912814231635,0.9082819169465376
7.5,Pm2a_R,0.14016780412468227,0.08087306836265129,0.0,0.0
7.5,Pm1_R,0.13608954798236514,0.07242176859358905,0.16015584909060385,0.008851511461374875
7.5,Pm2b_R,0.14328970708640965,0.08908349559923122,0.16894561741880135,0.006786079477397405
7.5,Pm4_R,0.11633704203441403,0.044365144391776586,0.13403195950033586,0.019127624228826117
7.5,Tm3_R,0.1178127971694651,0.04864582502884642,0.13787442720791912,0.023415702130785216
7.5,Y3_R,0.11200945646358841,0.03868469354996085,0.1269461476951129,0.017135356150031644
7.5,T4a_R,0.10378807724832886,0.029371911037147806,0.12177687094491038,0.016401809605047085
7.6000000000000005,Mi1_R,0.13039670192578984,0.5789175972235732,0.15009023862796272,0.8923171835889088
7.6000000000000005,Pm2a_R,0.13989305009052164,0.08570551292567759,0.0,0.0
7.6000000000000005,Pm1_R,0.13589145343455264,0.07631263863750645,0.15985397828199505,0.01170135238967293
7.6000000000000005,Pm2b_R,0.14298095571540198,0.09445932646319685,0.16850561787551405,0.00972965187791939
7.6000000000000005,Pm4_R,0.11652928721113306,0.04540198276097865,0.13422607144638596,0.021926132287740995
7.6000000000000005,Tm3_R,0.11798074472465636,0.049886225323529654,0.13803593745870418,0.026350963590605216
7.6000000000000005,Y3_R,0.11225493755458678,0.03946079542244245,0.12720456934752716,0.019468451134448866
7.6000000000000005,T4a_R,0.10407286934335723,0.02985592124309543,0.12208358696191085,0.018506265130702422
7.7,Mi1_R,0.13029117037408333,0.563615469172283,0.14991899859932972,0.8748505206219351
7.7,Pm2a_R,0.13962318912816943,0.09009144135032705,0.0,0.0
7.7,Pm1_R,0.13569690216851996,0.07977232385788384,0.1595568292382786,0.015029553199014974
7.7,Pm2b_R,0.1426771356319324,0.09935838805427659,0.1680720186403594,0.013301998066484173
7.7,Pm4_R,0.11671745706408716,0.04616479023648856,0.13441578804444054,0.024842750823330827
7.7,Tm3_R,0.11814447004147795,0.05084980457301737,0.13819233007735188,0.02941629023191615
7.7,Y3_R,0.11249585207066137,0.040001283312473976,0.12745845131807518,0.0218851702639221
7.7,T4a_R,0.10435382352106817,0.030146499443249833,0.12238558408216466,0.02067371679339675
7.800000000000001,Mi1_R,0.13018876075915786,0.5508421131070036,0.149754867971035,0.856042347167149
7.800000000000001,Pm2a_R,0.13935815911986127,0.09397560130678653,0.0,0.0
7.800000000000001,Pm1_R,0.13550584975765625,0.08275575820964563,0.15926440347912574,0.018798130384143998
7.800000000000001,Pm2b_R,0.14237819893595338,0.10371984442526262,0.167644825423859,0.017462699547666046
7.800000000000001,Pm4_R,0.11690164489166767,0.04664344975396853,0.13460123963390994,0.02785454000519823
7.800000000000001,Tm3_R,0.11830409286788159,0.051524601091620964,0.13834378857676155,0.032589404351452786
7.800000000000001,Y3_R,0.11273229429967362,0.040299143165755114,0.12770790947954438,0.024366109807759245
7.800000000000001,T4a_R,0.10463099936814765,0.030239488939959484,0.1226829654357652,0.02288676873663039
7.9,Mi1_R,0.13008928115220392,0.5407571936446199,0.14959735273683356,0.8360644620079335
7.9,Pm2a_R,0.1390978955818966,0.09730988309256346,0.0,0.0
7.9,Pm1_R,0.1353182496009021,0.08522463131498655,0.1589766936076753,0.022965599510272793
7.9,Pm2b_R,0.14208409468319264,0.10749030480964855,0.16722403318598167,0.022166844535709933
7.9,Pm4_R,0.11708194069533427,0.04683160271607826,0.1347825498325677,0.030937557573963877
7.9,Tm3_R,0.11845972841766629,0.051902309874182595,0.13849048774148684,0.03584693261968636
7.9,Y3_R,0.11296435542720776,0.040350591112807976,0.1279530537924175,0.026891139688915353
7.9,T4a_R,0.10490445444159624,0.03013348343511272,0.1229758291030379,0.025127464063518554
8.0,Mi1_R,0.1299925579641819,0.5334835897790755,0.1494460008526591,0.815098478606535
8.0,Pm2a_R,0.13884233210653102,0.1000538935712014,0.0,0.0
8.0,Pm1_R,0.13513405331989706,0.08714786200055123,0.15869368431300285,0.027487369353031192
8.0,Pm2b_R,0.141794769355222,0.11062445617496726,0.16680962728614485,0.027365453059309444
8.0,Pm4_R,0.11725843141420944,0.046726762456484223,0.13495983605724268,0.034067067743410485
8.0,Tm3_R,0.11861148764690274,0.051978411894944884,0.13863259419892712,0.039164602804456564
8.0,Y3_R,0.11319212374875184,0.04015515193914033,0.12819398876827,0.029439582314730366
8.0,T4a_R,0.10517424444430444,0.02982987218363441,0.12326426852375338,0.027377446118528072
