distance,noise,repeat,seed,shots_per_basis,exact_total,raw_energy,filtered_energy,raw_se,filtered_se,acceptance
0.735,ideal_sampling,0,2026,2048,-1.1373060357534,-1.1429421764451204,-1.1429421764451204,0.005366430452580823,0.005366430452580823,1.0
0.735,ideal_sampling,1,2027,2048,-1.1373060357534,-1.1377130028160614,-1.1377130028160614,0.005589777197903717,0.005589777197903717,1.0
0.735,ideal_sampling,2,2028,2048,-1.1373060357534,-1.143436475762178,-1.143436475762178,0.005259339026134305,0.005259339026134305,1.0
0.735,ideal_sampling,3,2029,2048,-1.1373060357534,-1.1394441365066443,-1.1394441365066443,0.005482731889901337,0.005482731889901337,1.0
0.735,ideal_sampling,4,2030,2048,-1.1373060357534,-1.141211042754537,-1.141211042754537,0.005475996009179061,0.005475996009179061,1.0
0.735,ideal_sampling,5,2031,2048,-1.1373060357534,-1.1336848910032176,-1.1336848910032176,0.00570255086829215,0.00570255086829215,1.0
0.735,ideal_sampling,6,2032,2048,-1.1373060357534,-1.1358387788962387,-1.1358387788962387,0.005286762613315478,0.005286762613315478,1.0
0.735,ideal_sampling,7,2033,2048,-1.1373060357534,-1.1318464396407046,-1.1318464396407046,0.005508448313313465,0.005508448313313465,1.0
0.735,ideal_sampling,8,2034,2048,-1.1373060357534,-1.1280318770908409,-1.1280318770908409,0.005959376008280456,0.005959376008280456,1.0
0.735,ideal_sampling,9,2035,2048,-1.1373060357534,-1.1354507111702303,-1.1354507111702303,0.005445595418978617,0.005445595418978617,1.0
0.735,ideal_sampling,10,2036,2048,-1.1373060357534,-1.146016376100278,-1.146016376100278,0.005301562843237227,0.005301562843237227,1.0
0.735,ideal_sampling,11,2037,2048,-1.1373060357534,-1.127111565328704,-1.127111565328704,0.005623399617695693,0.005623399617695693,1.0
0.735,noisy,0,2026,2048,-1.1373060357534,-1.0885968611111925,-1.12764344512903,0.007052773850194438,0.006270475416530222,0.9619140625
0.735,noisy,1,2027,2048,-1.1373060357534,-1.0888837090041092,-1.1303263945533684,0.006938785152628384,0.006021695428554818,0.9619140625
0.735,noisy,2,2028,2048,-1.1373060357534,-1.0917282176921907,-1.1260982692147525,0.007052789085976762,0.006391397846508053,0.9658203125
0.735,noisy,3,2029,2048,-1.1373060357534,-1.0871800575208952,-1.1280032510615352,0.007209000913511131,0.0064288763312098035,0.959228515625
0.735,noisy,4,2030,2048,-1.1373060357534,-1.0916331058726088,-1.1325387119322894,0.00691661566242297,0.006066459819225329,0.958740234375
0.735,noisy,5,2031,2048,-1.1373060357534,-1.0980164489891053,-1.131836224205422,0.006689363060522712,0.0059347478998198555,0.964111328125
0.735,noisy,6,2032,2048,-1.1373060357534,-1.0854576633507098,-1.1210817903433479,0.006993308516965982,0.00626975933383519,0.96533203125
0.735,noisy,7,2033,2048,-1.1373060357534,-1.0804669100344535,-1.119234182965522,0.007057624412976749,0.006245499376729852,0.963134765625
0.735,noisy,8,2034,2048,-1.1373060357534,-1.0768030809786757,-1.1110147462023612,0.007554703352613107,0.006992036824788135,0.961669921875
0.735,noisy,9,2035,2048,-1.1373060357534,-1.0939931408449106,-1.118025955026642,0.006993778705312631,0.0065122684672205364,0.970458984375
0.735,noisy,10,2036,2048,-1.1373060357534,-1.0981717552453638,-1.136563801200262,0.006720450594793032,0.005827880270534571,0.9638671875
0.735,noisy,11,2037,2048,-1.1373060357534,-1.078114310237689,-1.1159063679125554,0.0070243867346528625,0.006245294226684618,0.9638671875
1.4,ideal_sampling,0,2026,2048,-1.015468249288245,-1.0214454229424774,-1.0214454229424774,0.005481807525028057,0.005481807525028057,1.0
1.4,ideal_sampling,1,2027,2048,-1.015468249288245,-1.022454873509466,-1.022454873509466,0.005480611985263987,0.005480611985263987,1.0
1.4,ideal_sampling,2,2028,2048,-1.015468249288245,-1.0201334582835297,-1.0201334582835297,0.00550599767499906,0.00550599767499906,1.0
1.4,ideal_sampling,3,2029,2048,-1.015468249288245,-1.0076775859321896,-1.0076775859321896,0.005714783717794437,0.005714783717794437,1.0
1.4,ideal_sampling,4,2030,2048,-1.015468249288245,-1.0252706248073458,-1.0252706248073458,0.005468987000092021,0.005468987000092021,1.0
1.4,ideal_sampling,5,2031,2048,-1.015468249288245,-1.0162563103609055,-1.0162563103609055,0.005597998463567103,0.005597998463567103,1.0
1.4,ideal_sampling,6,2032,2048,-1.015468249288245,-1.0183962928184092,-1.0183962928184092,0.005518083805884441,0.005518083805884441,1.0
1.4,ideal_sampling,7,2033,2048,-1.015468249288245,-1.0162926726013346,-1.0162926726013346,0.005539569063338498,0.005539569063338498,1.0
1.4,ideal_sampling,8,2034,2048,-1.015468249288245,-1.0215197528140232,-1.0215197528140232,0.005478087158263096,0.005478087158263096,1.0
1.4,ideal_sampling,9,2035,2048,-1.015468249288245,-1.0151085892623763,-1.0151085892623763,0.00559012407622196,0.00559012407622196,1.0
1.4,ideal_sampling,10,2036,2048,-1.015468249288245,-1.0177860700287154,-1.0177860700287154,0.0055719383623092904,0.0055719383623092904,1.0
1.4,ideal_sampling,11,2037,2048,-1.015468249288245,-1.0089411937484694,-1.0089411937484694,0.005653754170708795,0.005653754170708795,1.0
1.4,noisy,0,2026,2048,-1.015468249288245,-0.9985564526097244,-1.0112720860651123,0.005684352689055319,0.005739888547562916,0.96240234375
1.4,noisy,1,2027,2048,-1.015468249288245,-0.9981838809054007,-1.011389877110184,0.005680165953188222,0.005751476973681643,0.9609375
1.4,noisy,2,2028,2048,-1.015468249288245,-0.9987129806902582,-1.0111214559558361,0.005703715755947796,0.005742185050679864,0.966064453125
1.4,noisy,3,2029,2048,-1.015468249288245,-0.9881564671274423,-1.0018159231713675,0.005856353268276528,0.00593697960617599,0.95947265625
1.4,noisy,4,2030,2048,-1.015468249288245,-1.0026714640247179,-1.0159752683957468,0.005665282811314372,0.005724427353582702,0.960205078125
1.4,noisy,5,2031,2048,-1.015468249288245,-1.0001846177985008,-1.011955729910682,0.0056950680723875085,0.005760023136370228,0.962646484375
1.4,noisy,6,2032,2048,-1.015468249288245,-0.9972230860330225,-1.008460436783977,0.005700538292347741,0.005756804545586383,0.96533203125
1.4,noisy,7,2033,2048,-1.015468249288245,-0.9925585548114528,-1.0053815046254921,0.005755719741197493,0.005824081488352206,0.962158203125
1.4,noisy,8,2034,2048,-1.015468249288245,-1.0001114158173754,-1.0116890131115424,0.005676258244125492,0.005735263711137542,0.96240234375
1.4,noisy,9,2035,2048,-1.015468249288245,-0.9945475095093135,-1.0022448527207966,0.005804523536224526,0.005877396445217024,0.969482421875
1.4,noisy,10,2036,2048,-1.015468249288245,-0.9936146108360371,-1.0071118396924195,0.005775647671718402,0.005839364799229407,0.962890625
1.4,noisy,11,2037,2048,-1.015468249288245,-0.984735628096203,-0.9968782942790029,0.005856895183863613,0.005920725207611806,0.96435546875
2.2,ideal_sampling,0,2026,2048,-0.9412240336932618,-0.9455389320334899,-0.9455389320334899,0.0025908547961021123,0.0025908547961021123,1.0
2.2,ideal_sampling,1,2027,2048,-0.9412240336932618,-0.9413091666940596,-0.9413091666940596,0.002591692265352874,0.002591692265352874,1.0
2.2,ideal_sampling,2,2028,2048,-0.9412240336932618,-0.9422359447992834,-0.9422359447992834,0.002664586541103626,0.002664586541103626,1.0
2.2,ideal_sampling,3,2029,2048,-0.9412240336932618,-0.9351181378578548,-0.9351181378578548,0.002784642943682639,0.002784642943682639,1.0
2.2,ideal_sampling,4,2030,2048,-0.9412240336932618,-0.9397180784175552,-0.9397180784175552,0.0027100959903241504,0.0027100959903241504,1.0
2.2,ideal_sampling,5,2031,2048,-0.9412240336932618,-0.9345958820990663,-0.9345958820990663,0.002797372599017513,0.002797372599017513,1.0
2.2,ideal_sampling,6,2032,2048,-0.9412240336932618,-0.9441072703124334,-0.9441072703124334,0.0024717734043580024,0.0024717734043580024,1.0
2.2,ideal_sampling,7,2033,2048,-0.9412240336932618,-0.9409598380453368,-0.9409598380453368,0.002604802158657797,0.002604802158657797,1.0
2.2,ideal_sampling,8,2034,2048,-0.9412240336932618,-0.9411844844245236,-0.9411844844245236,0.0027131450491509135,0.0027131450491509135,1.0
2.2,ideal_sampling,9,2035,2048,-0.9412240336932618,-0.9425370286074763,-0.9425370286074763,0.0025276148025945777,0.0025276148025945777,1.0
2.2,ideal_sampling,10,2036,2048,-0.9412240336932618,-0.9424123463379404,-0.9424123463379404,0.002652747768200195,0.002652747768200195,1.0
2.2,ideal_sampling,11,2037,2048,-0.9412240336932618,-0.9444839972301391,-0.9444839972301391,0.0026518696945258477,0.0026518696945258477,1.0
2.2,noisy,0,2026,2048,-0.9412240336932618,-0.9300557982649735,-0.9329003905256481,0.0031614254895317748,0.00319871375146367,0.960205078125
2.2,noisy,1,2027,2048,-0.9412240336932618,-0.9248308538447068,-0.9269348320213397,0.0031664704159303204,0.0032167259906202865,0.962890625
2.2,noisy,2,2028,2048,-0.9412240336932618,-0.9264373839820252,-0.9300697741663997,0.003231892367102381,0.0032253973435169,0.96337890625
2.2,noisy,3,2029,2048,-0.9412240336932618,-0.922626799752565,-0.9263652734971266,0.0031818594092141786,0.003179503203905515,0.9580078125
2.2,noisy,4,2030,2048,-0.9412240336932618,-0.9260208235906615,-0.9304414829363674,0.0031840401768025604,0.003141913994364767,0.9619140625
2.2,noisy,5,2031,2048,-0.9412240336932618,-0.9201912430848687,-0.9225797094192851,0.003299219546560873,0.0033334947339335973,0.962646484375
2.2,noisy,6,2032,2048,-0.9412240336932618,-0.9294874838821319,-0.9316654929395438,0.0030271752045549693,0.003054725925372931,0.966796875
2.2,noisy,7,2033,2048,-0.9412240336932618,-0.9260994029417666,-0.9292396850108982,0.0031178790660728473,0.0031253075247758494,0.963134765625
2.2,noisy,8,2034,2048,-0.9412240336932618,-0.9282705724174327,-0.9312039039437763,0.0031739631534647866,0.0031945064564107097,0.96142578125
2.2,noisy,9,2035,2048,-0.9412240336932618,-0.9284239038256832,-0.9304971034612166,0.003096531374797691,0.003131336170548627,0.9658203125
2.2,noisy,10,2036,2048,-0.9412240336932618,-0.922852381478497,-0.9265028509031159,0.0033449691388837133,0.003339893653656692,0.96435546875
2.2,noisy,11,2037,2048,-0.9412240336932618,-0.9257957800517278,-0.9280823875817719,0.0033105597359617666,0.003349101191204931,0.9658203125
