case,repeat,feasible_probability,optimal_probability,conditional_carbon_proxy,optimal_carbon_proxy
ideal,0,1.0,0.9912109375,0.73486328125,0.73
ideal,1,1.0,0.9873046875,0.7363085937499999,0.73
ideal,2,1.0,0.9970703125,0.731083984375,0.73
ideal,3,1.0,0.994140625,0.7327050781250001,0.73
ideal,4,1.0,0.994140625,0.732705078125,0.73
ideal,5,1.0,0.9970703125,0.7326953125,0.73
ideal,6,1.0,0.9931640625,0.734140625,0.73
ideal,7,1.0,0.994140625,0.732705078125,0.73
ideal,8,1.0,0.9921875,0.734501953125,0.73
ideal,9,1.0,0.9970703125,0.731083984375,0.73
ideal,10,1.0,0.994140625,0.732705078125,0.73
ideal,11,1.0,0.9912109375,0.734326171875,0.73
synthetic_noise,0,0.80078125,0.6982421875,0.788780487804878,0.73
synthetic_noise,1,0.806640625,0.71875,0.7783050847457627,0.73
synthetic_noise,2,0.8115234375,0.7197265625,0.7844283995186523,0.73
synthetic_noise,3,0.7890625,0.6865234375,0.7876113861386138,0.73
synthetic_noise,4,0.8076171875,0.7353515625,0.7684280532043529,0.73
synthetic_noise,5,0.8017578125,0.716796875,0.7792570036540803,0.73
synthetic_noise,6,0.82421875,0.7451171875,0.7700710900473933,0.73
synthetic_noise,7,0.8017578125,0.7119140625,0.7815103532277711,0.73
synthetic_noise,8,0.7763671875,0.681640625,0.7862138364779873,0.73
synthetic_noise,9,0.81640625,0.7158203125,0.782822966507177,0.73
synthetic_noise,10,0.7978515625,0.7060546875,0.7799755201958383,0.73
synthetic_noise,11,0.7939453125,0.703125,0.779089790897909,0.73
