delta,gate_error,readout_error,repeat,energy,standard_error,witness_detected_approx95
0.0,0.0,0,0,-1.9423828125,0.025867615114069455,True
0.0,0.0,0,1,-1.986328125,0.025610590178900133,True
0.0,0.0,0,2,-2.0048828125,0.025485376483747,True
0.0,0.0,0,3,-2.03515625,0.02527957435863865,True
0.0,0.0,0,4,-2.0234375,0.02537016614795827,True
0.0,0.0,0,5,-2.0126953125,0.025437852459639983,True
0.0,0.0,0,6,-2.0068359375,0.02547498589200736,True
0.0,0.0,0,7,-1.9619140625,0.025760575201506146,True
0.0,0.0,0,8,-1.974609375,0.025683650554471395,True
0.0,0.0,0,9,-1.9736328125,0.02568795135886338,True
0.0,0.0,0,10,-1.982421875,0.025631766393971203,True
0.0,0.0,0,11,-1.9794921875,0.025655705004565297,True
0.0,0.005,0.02,0,-1.4150390625,0.029037714491327277,True
0.0,0.005,0.02,1,-1.4794921875,0.02901362634077809,True
0.0,0.005,0.02,2,-1.486328125,0.029078826935626627,True
0.0,0.005,0.02,3,-1.4931640625,0.02900167119531682,True
0.0,0.005,0.02,4,-1.5517578125,0.028503138497114017,True
0.0,0.005,0.02,5,-1.498046875,0.02927777664399379,True
0.0,0.005,0.02,6,-1.494140625,0.028572505972697507,True
0.0,0.005,0.02,7,-1.4365234375,0.028991833428583826,True
0.0,0.005,0.02,8,-1.4677734375,0.028695327062619277,True
0.0,0.005,0.02,9,-1.4609375,0.028835249727133666,True
0.0,0.005,0.02,10,-1.46484375,0.02910359785500334,True
0.0,0.005,0.02,11,-1.486328125,0.028947795839125795,True
0.0,0.01,0.02,0,-1.15625,0.03000562513807068,True
0.0,0.01,0.02,1,-1.203125,0.030014571562999807,True
0.0,0.01,0.02,2,-1.205078125,0.02976709540854132,True
0.0,0.01,0.02,3,-1.1796875,0.02971032516291277,True
0.0,0.01,0.02,4,-1.2470703125,0.029474830047440635,True
0.0,0.01,0.02,5,-1.2138671875,0.03055560981711545,True
0.0,0.01,0.02,6,-1.2158203125,0.029298418239942347,True
0.0,0.01,0.02,7,-1.1484375,0.02995052096912468,True
0.0,0.01,0.02,8,-1.158203125,0.030103332167122486,True
0.0,0.01,0.02,9,-1.1513671875,0.03008547395277525,True
0.0,0.01,0.02,10,-1.1630859375,0.029876552620217482,True
0.0,0.01,0.02,11,-1.1650390625,0.03041987717088035,True
0.0,0.03,0.02,0,-0.4794921875,0.02894800516395158,False
0.0,0.03,0.02,1,-0.4658203125,0.028558489271118672,False
0.0,0.03,0.02,2,-0.4912109375,0.029448060516101184,False
0.0,0.03,0.02,3,-0.5537109375,0.029282631990104464,False
0.0,0.03,0.02,4,-0.5390625,0.028829947180246774,False
0.0,0.03,0.02,5,-0.4990234375,0.029537766036578175,False
0.0,0.03,0.02,6,-0.5419921875,0.02852791912058331,False
0.0,0.03,0.02,7,-0.4443359375,0.028998842375525913,False
0.0,0.03,0.02,8,-0.4697265625,0.02978742922230981,False
0.0,0.03,0.02,9,-0.4638671875,0.02941987242484355,False
0.0,0.03,0.02,10,-0.4931640625,0.029180292410137185,False
0.0,0.03,0.02,11,-0.4599609375,0.029574479889910188,False
0.0,0.1,0.02,0,-0.0068359375,0.026845942690587796,False
0.0,0.1,0.02,1,-0.009765625,0.026684418267174187,False
0.0,0.1,0.02,2,-0.0087890625,0.027121050515074588,False
0.0,0.1,0.02,3,-0.0888671875,0.027393872045750757,False
0.0,0.1,0.02,4,-0.060546875,0.026407374095892878,False
0.0,0.1,0.02,5,-0.0400390625,0.027605339411923786,False
0.0,0.1,0.02,6,-0.0771484375,0.02661436802291672,False
0.0,0.1,0.02,7,0.0107421875,0.026699942572175783,False
0.0,0.1,0.02,8,-0.017578125,0.028280075229397343,False
0.0,0.1,0.02,9,0.0078125,0.02712677302253924,False
0.0,0.1,0.02,10,-0.029296875,0.02702665254393371,False
0.0,0.1,0.02,11,-0.021484375,0.027545349322132026,False
0.5,0.0,0,0,-2.29541015625,0.01629828073846435,True
0.5,0.0,0,1,-2.32080078125,0.01648222187098862,True
0.5,0.0,0,2,-2.3505859375,0.016125997088088602,True
0.5,0.0,0,3,-2.31689453125,0.016139930341522946,True
0.5,0.0,0,4,-2.33740234375,0.015474815178875556,True
0.5,0.0,0,5,-2.3076171875,0.016715834314905264,True
0.5,0.0,0,6,-2.32080078125,0.01559327933886833,True
0.5,0.0,0,7,-2.31591796875,0.016404992200834273,True
0.5,0.0,0,8,-2.3203125,0.015807973818191438,True
0.5,0.0,0,9,-2.3310546875,0.01616370249443689,True
0.5,0.0,0,10,-2.31298828125,0.01614501237007532,True
0.5,0.0,0,11,-2.32470703125,0.016036556495512704,True
0.5,0.005,0.02,0,-1.68896484375,0.02577032159711578,True
0.5,0.005,0.02,1,-1.72265625,0.02573579234825408,True
0.5,0.005,0.02,2,-1.76220703125,0.025855318519673872,True
0.5,0.005,0.02,3,-1.751953125,0.025342601426332323,True
0.5,0.005,0.02,4,-1.7705078125,0.024938550362687825,True
0.5,0.005,0.02,5,-1.7421875,0.02572600116377315,True
0.5,0.005,0.02,6,-1.7763671875,0.02467899839922599,True
0.5,0.005,0.02,7,-1.75,0.02554594357019877,True
0.5,0.005,0.02,8,-1.70751953125,0.025340490786919828,True
0.5,0.005,0.02,9,-1.7412109375,0.025159818685758086,True
0.5,0.005,0.02,10,-1.7197265625,0.02561835136515069,True
0.5,0.005,0.02,11,-1.73486328125,0.025315895085363176,True
0.5,0.01,0.02,0,-1.345703125,0.028691127775166893,True
0.5,0.01,0.02,1,-1.439453125,0.028546841528141208,True
0.5,0.01,0.02,2,-1.4423828125,0.028343707156341595,True
0.5,0.01,0.02,3,-1.41357421875,0.02833278958624328,True
0.5,0.01,0.02,4,-1.49755859375,0.02746464532580588,True
0.5,0.01,0.02,5,-1.41943359375,0.029059581265803682,True
0.5,0.01,0.02,6,-1.44873046875,0.02775680036405054,True
0.5,0.01,0.02,7,-1.40234375,0.028713627805882807,True
0.5,0.01,0.02,8,-1.36181640625,0.02865520565675997,True
0.5,0.01,0.02,9,-1.3994140625,0.028501511310916584,True
0.5,0.01,0.02,10,-1.4111328125,0.028471469356089615,True
0.5,0.01,0.02,11,-1.38916015625,0.02880972631177923,True
0.5,0.03,0.02,0,-0.60498046875,0.03046303758233633,False
0.5,0.03,0.02,1,-0.61083984375,0.030671117416491204,False
0.5,0.03,0.02,2,-0.62451171875,0.03156260270864522,False
0.5,0.03,0.02,3,-0.63671875,0.0312867084184318,False
0.5,0.03,0.02,4,-0.66943359375,0.030773096162164653,False
0.5,0.03,0.02,5,-0.65234375,0.03132225773867626,False
0.5,0.03,0.02,6,-0.67626953125,0.03019203638551869,False
0.5,0.03,0.02,7,-0.60888671875,0.03112550025941092,False
0.5,0.03,0.02,8,-0.583984375,0.03148902769989446,False
0.5,0.03,0.02,9,-0.5751953125,0.031197609338419217,False
0.5,0.03,0.02,10,-0.6533203125,0.031304171715662,False
0.5,0.03,0.02,11,-0.60888671875,0.03166946027683453,False
0.5,0.1,0.02,0,-0.03564453125,0.029951108462228163,False
0.5,0.1,0.02,1,-0.017578125,0.03007668809685876,False
0.5,0.1,0.02,2,0.01806640625,0.030175018481922552,False
0.5,0.1,0.02,3,-0.10107421875,0.030314246369161593,False
0.5,0.1,0.02,4,-0.07421875,0.02976314130328341,False
0.5,0.1,0.02,5,-0.03173828125,0.03087671572160843,False
0.5,0.1,0.02,6,-0.095703125,0.02983207107745363,False
0.5,0.1,0.02,7,-0.0009765625,0.02990605592895607,False
0.5,0.1,0.02,8,-0.02587890625,0.031229435632510794,False
0.5,0.1,0.02,9,0.0205078125,0.03020517545736644,False
0.5,0.1,0.02,10,-0.06298828125,0.03019014512331938,False
0.5,0.1,0.02,11,-0.06396484375,0.030684814674169943,False
1.0,0.0,0,0,-3.0,0.0,True
1.0,0.0,0,1,-3.0,0.0,True
1.0,0.0,0,2,-3.0,0.0,True
1.0,0.0,0,3,-3.0,0.0,True
1.0,0.0,0,4,-3.0,0.0,True
1.0,0.0,0,5,-3.0,0.0,True
1.0,0.0,0,6,-3.0,0.0,True
1.0,0.0,0,7,-3.0,0.0,True
1.0,0.0,0,8,-3.0,0.0,True
1.0,0.0,0,9,-3.0,0.0,True
1.0,0.0,0,10,-3.0,0.0,True
1.0,0.0,0,11,-3.0,0.0,True
1.0,0.005,0.02,0,-2.24609375,0.02763148191646656,True
1.0,0.005,0.02,1,-2.2490234375,0.027190292547070314,True
1.0,0.005,0.02,2,-2.25390625,0.027715934206756495,True
1.0,0.005,0.02,3,-2.2744140625,0.026955001635805307,True
1.0,0.005,0.02,4,-2.2900390625,0.026631105872033326,True
1.0,0.005,0.02,5,-2.2705078125,0.02737004018114068,True
1.0,0.005,0.02,6,-2.3076171875,0.026233557519979873,True
1.0,0.005,0.02,7,-2.2646484375,0.02736240960061647,True
1.0,0.005,0.02,8,-2.228515625,0.027457554562523485,True
1.0,0.005,0.02,9,-2.2724609375,0.026467337057812023,True
1.0,0.005,0.02,10,-2.25,0.027364096005802686,True
1.0,0.005,0.02,11,-2.28515625,0.026784808672674118,True
1.0,0.01,0.02,0,-1.796875,0.03321370821537745,True
1.0,0.01,0.02,1,-1.8583984375,0.03252415388316486,True
1.0,0.01,0.02,2,-1.83984375,0.03219262717267796,True
1.0,0.01,0.02,3,-1.84375,0.032595517592350506,True
1.0,0.01,0.02,4,-1.94140625,0.031058161713273667,True
1.0,0.01,0.02,5,-1.8525390625,0.033007062362779394,True
1.0,0.01,0.02,6,-1.88671875,0.0320579806354896,True
1.0,0.01,0.02,7,-1.84765625,0.03293313710658496,True
1.0,0.01,0.02,8,-1.794921875,0.0333013323137667,True
1.0,0.01,0.02,9,-1.8271484375,0.03236312900228353,True
1.0,0.01,0.02,10,-1.84375,0.03271912138998636,True
1.0,0.01,0.02,11,-1.8291015625,0.033083175404784525,True
1.0,0.03,0.02,0,-0.826171875,0.03784861476904768,False
1.0,0.03,0.02,1,-0.8037109375,0.03818545372260103,False
1.0,0.03,0.02,2,-0.79296875,0.03835765526983124,False
1.0,0.03,0.02,3,-0.8017578125,0.03892856580907564,False
1.0,0.03,0.02,4,-0.8701171875,0.03848836873557494,False
1.0,0.03,0.02,5,-0.861328125,0.03837619451292266,False
1.0,0.03,0.02,6,-0.9052734375,0.03770171622839539,False
1.0,0.03,0.02,7,-0.80859375,0.038369100605122226,False
1.0,0.03,0.02,8,-0.78515625,0.0390549578801503,False
1.0,0.03,0.02,9,-0.7578125,0.038353158821727025,False
1.0,0.03,0.02,10,-0.873046875,0.03833669975596481,False
1.0,0.03,0.02,11,-0.8115234375,0.03901057068429114,False
1.0,0.1,0.02,0,-0.068359375,0.03784169294591844,False
1.0,0.1,0.02,1,-0.029296875,0.03845394718479328,False
1.0,0.1,0.02,2,0.041015625,0.03795612230533819,False
1.0,0.1,0.02,3,-0.1259765625,0.037934564075732605,False
1.0,0.1,0.02,4,-0.0859375,0.038051543896061066,False
1.0,0.1,0.02,5,-0.029296875,0.03904839314098871,False
1.0,0.1,0.02,6,-0.1162109375,0.038026852926093674,False
1.0,0.1,0.02,7,-0.0146484375,0.037927756255240426,False
1.0,0.1,0.02,8,-0.041015625,0.03872042242993196,False
1.0,0.1,0.02,9,0.0283203125,0.03808848303239768,False
1.0,0.1,0.02,10,-0.0986328125,0.0381025293536459,False
1.0,0.1,0.02,11,-0.103515625,0.0383907669217966,False
