case,readout,shots_per_basis,numerical_detection_probability,numerical_energy_coverage,monte_carlo_detection_fraction,is_sufficient_shot_plan
Neel product,0.0,64,2.0921143215501757e-09,0.9999999979078857,0.0,False
Neel product,0.0,256,1.3165311356912628e-09,0.9999999986834689,0.0,False
Neel product,0.0,1024,1.0830325099589637e-09,0.9999999989169676,0.0,False
Neel product,0.02,64,7.801113205611177e-17,1.0,0.0,False
Neel product,0.02,256,2.4528215551587443e-16,1.0,0.0,False
Neel product,0.02,1024,8.770589994411454e-16,0.9999999999999989,0.0,False
Maximally mixed,0.0,64,4.7937834060039645e-17,0.9999992800836596,0.0,False
Maximally mixed,0.0,256,1.1157854876618412e-16,0.9999994336467932,0.0,False
Maximally mixed,0.0,1024,3.204254841315147e-16,0.9999994914984771,0.0,False
Maximally mixed,0.02,64,4.030458968568659e-17,0.9999999999981287,0.0,False
Maximally mixed,0.02,256,1.230853586386369e-16,0.9999999999999998,0.0,False
Maximally mixed,0.02,1024,2.4833325401047027e-16,0.9999999999999989,0.0,False
Ring ground,0.0,64,0.9999972279655123,0.999999975433219,1.0,False
Ring ground,0.0,72,0.9999998460071969,0.9999999705531031,,True
Ring ground,0.0,256,0.9999999999999991,0.9999999420131361,1.0,False
Ring ground,0.0,1024,0.9999999999999988,0.9999999225458479,1.0,False
Ring ground,0.02,64,0.7909214300586127,1.0,0.812,False
Ring ground,0.02,195,0.9999995820589189,1.0,,True
Ring ground,0.02,256,0.9999999999031376,1.0,1.0,False
Ring ground,0.02,1024,0.9999999999999978,1.0,1.0,False
Warm ring,0.0,64,3.197081851604199e-05,0.9999986591145816,0.0,False
Warm ring,0.0,256,0.000371176115689826,0.9999986553096235,0.002,False
Warm ring,0.0,1024,0.01946158855497228,0.999998963515501,0.018,False
Warm ring,0.0,12937,0.9999989318591467,0.9999989015820747,,True
Warm ring,0.02,64,5.41886369868731e-12,0.9999999999999667,0.0,False
Warm ring,0.02,256,2.563624275630172e-16,0.9999999999999998,0.0,False
Warm ring,0.02,1024,4.617875541139194e-16,0.9999999999999998,0.0,False
Hot ring,0.0,64,4.292430471992594e-13,0.9999985338804294,0.0,False
Hot ring,0.0,256,1.985703380974717e-16,0.99999898427829,0.0,False
Hot ring,0.0,1024,5.7726516296421535e-16,0.9999989693167797,0.0,False
Hot ring,0.02,64,6.291854302875831e-17,0.999999999999736,0.0,False
Hot ring,0.02,256,1.8101062952796118e-16,0.9999999999999997,0.0,False
Hot ring,0.02,1024,4.596650830900517e-16,0.9999999999999993,0.0,False
Warm dimers,0.0,64,0.9952323566096388,0.9999981786731862,0.996,False
Warm dimers,0.0,101,0.9999891967558848,0.9999976101765587,,True
Warm dimers,0.0,256,0.9999999999999993,0.9999973381410232,1.0,False
Warm dimers,0.0,1024,0.999999999999998,0.9999955283433852,1.0,False
Warm dimers,0.02,64,0.32757656757197307,0.9999999999999998,0.324,False
Warm dimers,0.02,256,0.9990218185130424,0.9999999999999998,0.998,False
Warm dimers,0.02,333,0.9999826788803506,0.9999999999999998,,True
Warm dimers,0.02,1024,0.9999999999999972,0.9999999999999996,1.0,False
