source,lesion,classical_mean_tv,quantum_mean_tv
Pm2a_R,Mi1_R,0.3499561265188336,0.1820980566351056
Pm1_R,Mi1_R,0.34562402928182945,0.15626737354995285
Pm2b_R,Mi1_R,0.38774263336920156,0.18174533114640698
Pm4_R,Mi1_R,0.19921452807119608,0.07175963469962265
Tm3_R,Mi1_R,0.19536997136333237,0.07746159791665473
Y3_R,Mi1_R,0.2107719968057754,0.05785650181603266
T4a_R,Mi1_R,0.22325303227911428,0.04030013114523333
Mi1_R,Pm2a_R,0.13695575227483428,0.1750965414204764
Pm1_R,Pm2a_R,0.06484995957160782,0.09622144462057239
Pm2b_R,Pm2a_R,0.08191111930738963,0.11168673772369225
Pm4_R,Pm2a_R,0.061730489749441265,0.03559944460053542
Tm3_R,Pm2a_R,0.04855465935891053,0.03857644932998926
Y3_R,Pm2a_R,0.06759692710150433,0.029107014837671048
T4a_R,Pm2a_R,0.03773790769963628,0.019764413439621785
Mi1_R,Pm1_R,0.1302224453228544,0.16029274328097307
Pm2a_R,Pm1_R,0.06484995957160837,0.09972966709002125
Pm2b_R,Pm1_R,0.06607366270129286,0.10058073868059356
Pm4_R,Pm1_R,0.04853181309682417,0.03673000648419372
Tm3_R,Pm1_R,0.10200358359890226,0.07179956765480215
Y3_R,Pm1_R,0.042551913718909005,0.023535545138818968
T4a_R,Pm1_R,0.041361038751200147,0.02184444724360085
Mi1_R,Pm2b_R,0.14045483638067843,0.17940176020113888
Pm2a_R,Pm2b_R,0.08191111930738976,0.11450469214369235
Pm1_R,Pm2b_R,0.06607366270129278,0.1001913685268807
Pm4_R,Pm2b_R,0.058473704613612336,0.03637742466878515
Tm3_R,Pm2b_R,0.04978313197467663,0.040022516102267106
Y3_R,Pm2b_R,0.04606255253456515,0.029143744915966413
T4a_R,Pm2b_R,0.03853099331889625,0.020652234606345615
Mi1_R,Pm4_R,0.09546446358510888,0.07346850636704878
Pm2a_R,Pm4_R,0.06173080532577726,0.04316723401302213
Pm1_R,Pm4_R,0.04853181309682399,0.04190462435111523
Pm2b_R,Pm4_R,0.058473858296192206,0.04299911737957604
Tm3_R,Pm4_R,0.08995369961213218,0.042242763163388264
Y3_R,Pm4_R,0.08906801540719655,0.03596140023763201
T4a_R,Pm4_R,0.03032517284675703,0.010452738208767198
Mi1_R,Tm3_R,0.09685399140744985,0.07301082454083135
Pm2a_R,Tm3_R,0.0485546593589112,0.04452698392578251
Pm1_R,Tm3_R,0.1054267177694142,0.0718701181566142
Pm2b_R,Tm3_R,0.04978313197467695,0.04490718043811133
Pm4_R,Tm3_R,0.09264713310623186,0.04452858073950554
Y3_R,Tm3_R,0.03655052076355634,0.012780436077062071
T4a_R,Tm3_R,0.09380080648437328,0.03736249412283128
Mi1_R,Y3_R,0.08981802699596678,0.06366741323399593
Pm2a_R,Y3_R,0.06759692710150553,0.03807787745477782
Pm1_R,Y3_R,0.04255191371890981,0.03182522075796498
Pm2b_R,Y3_R,0.046062552534566155,0.038860148673323
Pm4_R,Y3_R,0.08674153519449146,0.03400950833286036
Tm3_R,Y3_R,0.03655052076355707,0.013545630655111924
T4a_R,Y3_R,0.0275892779388247,0.0064724158805683305
Mi1_R,T4a_R,0.08231942441725466,0.05790914473785487
Pm2a_R,T4a_R,0.03773790769963725,0.033515348462131646
Pm1_R,T4a_R,0.041361038751200896,0.031488807513809156
Pm2b_R,T4a_R,0.03853099331889698,0.03407880736778217
Pm4_R,T4a_R,0.030325172846758102,0.011633487523242534
Tm3_R,T4a_R,0.08706807194108132,0.033555760642385996
Y3_R,T4a_R,0.027589268795891606,0.0077178831609054106
