replicate,mean_classical_quantum_tv
0,0.26131841470399175
1,0.29081579248829365
2,0.24709637836006884
3,0.27570163367184053
4,0.305882544005932
5,0.2909887137669842
6,0.29819362697528706
7,0.2690780110966121
8,0.28332750042626254
9,0.3131399334905156
10,0.26244199105968985
11,0.2866903581513774
12,0.26613291037497877
13,0.285973675368218
14,0.25547898174682016
15,0.2968711984300727
16,0.30277371512674317
17,0.2914872336926221
18,0.318995600434251
19,0.283602257094821
20,0.3196871419039732
21,0.2528296360543631
22,0.30293279413748714
23,0.282965443284642
24,0.23485570470143796
25,0.26409725780388116
26,0.2989081752300317
27,0.2705175336867574
28,0.27069976283626684
29,0.2877281607570163
30,0.27548988476563074
31,0.313368286059725
32,0.3353518897708626
33,0.27911743624235935
34,0.290595700739
35,0.30733930384153985
36,0.2930673915736083
37,0.27937645028312375
38,0.30961113069300233
39,0.24144496700710616
40,0.27552672692774316
41,0.2654802432056209
42,0.30080917320327855
43,0.3044570109913243
44,0.2865361446999921
45,0.28128916777796575
46,0.2830132766041895
47,0.2685471516445085
48,0.2749711360605749
49,0.2763080027684468
50,0.2537659964203192
51,0.2842096698094262
52,0.2969265572823754
53,0.2689925329626498
54,0.2557608776546965
55,0.2930463080473984
56,0.24953415809884225
57,0.2826438308004652
58,0.2665746653534536
59,0.2953289467181641
60,0.317969094078874
61,0.2737920702158175
62,0.2993988560593984
63,0.278245147475306
64,0.23656966550266223
65,0.3173988982301176
66,0.2665132728430608
67,0.31857552593936245
68,0.27144376709647955
69,0.26806028999701553
70,0.28666256536288354
71,0.31448592690297006
72,0.26932454720903704
73,0.26231398604072964
74,0.3175453164713113
75,0.28206350413898745
76,0.3015379970469414
77,0.28232163453596804
78,0.2993990349158701
79,0.2934316997599907
80,0.2934476423945418
81,0.3055782136933416
82,0.243943405746536
83,0.2816385584965777
84,0.30246542155630873
85,0.28598150473618755
86,0.2963196024684248
87,0.28737573734139643
88,0.31335841720030566
89,0.2687035568564506
90,0.27555763464899974
91,0.29037746793023456
92,0.30604765566494657
93,0.2655577992632644
94,0.2493073747138886
95,0.2653575722620558
96,0.2533459555786818
97,0.3005976101786384
98,0.28804950653941575
