chain_seed,sample,mean_classical_quantum_tv,strength_error_contacts,relative_weight_displacement
2026,0,0.3486838346308102,1.7462298274040222e-10,0.3365385037144431
2026,1,0.3492300560760031,1.4551915228366852e-10,0.36553719933022716
2026,2,0.34383343349309414,1.4551915228366852e-10,0.2484224094512111
2026,3,0.3474470093949029,1.4551915228366852e-10,0.293568436731169
2026,4,0.3364535409514488,1.6007106751203537e-10,0.40206642308500035
2026,5,0.3452216002721189,1.7462298274040222e-10,0.41885786010342224
2026,6,0.34847362052767494,1.7462298274040222e-10,0.24902654060888565
2026,7,0.34666826559636865,1.7462298274040222e-10,0.33932017816944826
2026,8,0.34376716522304684,2.1827872842550278e-10,0.38506852835182254
2026,9,0.3467869788927068,2.0372681319713593e-10,0.3206669463674324
2026,10,0.3516597831488273,2.0372681319713593e-10,0.36541348553899017
2026,11,0.341172494978929,2.0372681319713593e-10,0.34659356172519
2026,12,0.3440195825153413,2.1827872842550278e-10,0.34691875686768164
2026,13,0.3422787768682158,1.6007106751203537e-10,0.3740468779853418
2026,14,0.35017818045024884,1.6007106751203537e-10,0.31252071449827035
2026,15,0.3433361069977719,1.6007106751203537e-10,0.2998931170271806
2026,16,0.3474096424263462,1.4551915228366852e-10,0.3868322520796555
2026,17,0.3468819877926279,1.6007106751203537e-10,0.3477773840462005
2026,18,0.33478382341746094,2.3283064365386963e-10,0.3444376852732679
2026,19,0.3465272736629448,2.3283064365386963e-10,0.29813551785351605
2026,20,0.34568247092691784,2.764863893389702e-10,0.27892296992250565
2026,21,0.32444745150519694,2.6193447411060333e-10,0.4713855004170808
2026,22,0.3424255048150993,2.1827872842550278e-10,0.20137263997882554
2026,23,0.3460179389942185,2.1827872842550278e-10,0.395993183990888
2026,24,0.3412950362281836,2.1827872842550278e-10,0.30922123943164526
2026,25,0.33584200687458965,2.3283064365386963e-10,0.3040713148599763
2026,26,0.349433302093978,2.3283064365386963e-10,0.27232518431100433
2026,27,0.34533587436224467,2.1827872842550278e-10,0.3471636582800999
2026,28,0.3476014831979978,2.473825588822365e-10,0.2914356033695012
2026,29,0.34299819372935547,2.9103830456733704e-10,0.2090698191007834
2026,30,0.34635748517059517,2.764863893389702e-10,0.29089821682397976
2026,31,0.34677386117890496,2.9103830456733704e-10,0.35921489056417855
2026,32,0.3418953317031021,2.9103830456733704e-10,0.3549465530520148
2027,0,0.3446023795667973,9.458744898438454e-11,0.37636818437501446
2027,1,0.3396794450509115,1.0186340659856796e-10,0.31183385110489625
2027,2,0.3477889945192859,1.0186340659856796e-10,0.3358277085690691
2027,3,0.34401528704877926,1.1641532182693481e-10,0.41922132904773735
2027,4,0.3472598939320872,8.731149137020111e-11,0.3877124708710102
2027,5,0.3412926824756327,1.4551915228366852e-10,0.2597773665811467
2027,6,0.34449962835261627,1.6007106751203537e-10,0.4076393390203125
2027,7,0.3453096506526072,1.6007106751203537e-10,0.22724004963782582
2027,8,0.3431181659517465,1.7462298274040222e-10,0.2699909195563255
2027,9,0.3474823774845648,2.0372681319713593e-10,0.3092271619621851
2027,10,0.34380905748601265,1.7462298274040222e-10,0.31667952457384924
2027,11,0.3475383490055628,1.7462298274040222e-10,0.3829415931642714
2027,12,0.3388056662391193,1.7462298274040222e-10,0.3555792334716168
2027,13,0.3476184445499184,1.7462298274040222e-10,0.3439772627826284
2027,14,0.32230406984872667,1.8917489796876907e-10,0.43642265043465084
2027,15,0.3467610398135263,1.8917489796876907e-10,0.388025872342617
2027,16,0.350690686816841,1.8917489796876907e-10,0.3475369917623121
2027,17,0.34309918585697113,1.8917489796876907e-10,0.30958449245712016
2027,18,0.34628499330606377,1.7462298274040222e-10,0.30153022358733295
2027,19,0.34263654205224875,2.0372681319713593e-10,0.321185103017312
2027,20,0.3445349241613458,2.3283064365386963e-10,0.3477625219241606
2027,21,0.34175003833221707,2.0372681319713593e-10,0.2863886460078658
2027,22,0.34725397207805614,2.3283064365386963e-10,0.31102247283991774
2027,23,0.3462000219060299,2.1827872842550278e-10,0.28787615795550375
2027,24,0.3497462949689546,2.473825588822365e-10,0.35828461757978863
2027,25,0.3445124599007271,2.6193447411060333e-10,0.3747417984551785
2027,26,0.3438940431053521,2.6193447411060333e-10,0.34009100239363
2027,27,0.3399003375924984,2.764863893389702e-10,0.358434376422544
2027,28,0.34578698513563966,2.6193447411060333e-10,0.4253126598005936
2027,29,0.34443854167344634,2.6193447411060333e-10,0.3035636413140514
2027,30,0.346139247853229,2.9103830456733704e-10,0.40172542040968684
2027,31,0.34835003996066594,3.055902197957039e-10,0.28323458305760074
2027,32,0.3483088939194573,3.346940502524376e-10,0.38132329743605964
2028,0,0.34803330544883126,2.1827872842550278e-10,0.27269574544043546
2028,1,0.34217931702016063,2.0372681319713593e-10,0.33182684700630183
2028,2,0.3463781824593748,2.0372681319713593e-10,0.38118652380930496
2028,3,0.3496903109593338,2.1827872842550278e-10,0.36567505739626016
2028,4,0.3375573973796392,1.8917489796876907e-10,0.3812009547625449
2028,5,0.34452094321513405,1.7462298274040222e-10,0.31735196021836876
2028,6,0.3435440120481332,1.7462298274040222e-10,0.2786931434347841
2028,7,0.34417807949904705,2.1827872842550278e-10,0.36981533509396314
2028,8,0.33985859403874263,2.0372681319713593e-10,0.3779932047720769
2028,9,0.3474530205859377,2.0372681319713593e-10,0.2686672339929836
2028,10,0.3463005568969192,2.1827872842550278e-10,0.3137732824998532
2028,11,0.3440931731505342,2.1827872842550278e-10,0.3677852966494707
2028,12,0.34341675862340426,2.3283064365386963e-10,0.34268216813803715
2028,13,0.34634613626092886,2.1827872842550278e-10,0.34081866581321996
2028,14,0.34298900494511364,2.6193447411060333e-10,0.2663679094896002
2028,15,0.3477903671130932,2.6193447411060333e-10,0.24805930900048712
2028,16,0.34669635882622296,2.764863893389702e-10,0.3313237931573114
2028,17,0.3484701240238698,3.055902197957039e-10,0.32767061148352494
2028,18,0.34940230163960523,3.2014213502407074e-10,0.2381677590688823
2028,19,0.3432114238596128,3.4924596548080444e-10,0.35725648030930296
2028,20,0.3367732572456442,3.92901711165905e-10,0.41782161807924606
2028,21,0.34875810289655534,4.3655745685100555e-10,0.39398838248142654
2028,22,0.3502489439196257,4.0745362639427185e-10,0.2636733671352512
2028,23,0.3440143774495245,4.220055416226387e-10,0.31580235042621535
2028,24,0.34580070168323485,4.511093720793724e-10,0.24445947540052487
2028,25,0.3447376289305803,3.92901711165905e-10,0.3592350572392948
2028,26,0.344165410542412,4.0745362639427185e-10,0.3353600302538259
2028,27,0.3495551767962738,4.3655745685100555e-10,0.2511191810309895
2028,28,0.3439244261350173,4.0745362639427185e-10,0.3531101711607618
2028,29,0.3420186169941499,4.0745362639427185e-10,0.2588491801675163
2028,30,0.3436131183692838,3.92901711165905e-10,0.3226993016419064
2028,31,0.3453821651429477,4.0745362639427185e-10,0.23285499379979357
2028,32,0.33454894093009657,4.220055416226387e-10,0.3361202485733634
