depth,seed,preparation,evaluations,objective,parameters,cx,circuit_depth,feasible_probability,optimal_probability,conditional_carbon_proxy,optimal_carbon_proxy
1,2026,pair,816,1.1000000000000012,"[-1.3188578362743897e-07, -5.497787013394711]",36,51,0.9999999999999981,1.7921016403759838e-14,1.1000000000000032,0.73
1,2026,phase_pair,816,0.7505387249333997,"[-3.2531958115473074, 0.7826403856970763]",36,51,0.999999999999999,0.9759473128911005,0.7505387249334006,0.73
1,2026,dicke,816,0.867025816622264,"[-3.2531956934181903, 0.7826403906577841]",39,95,0.9999999999999959,0.6506315403973967,0.8670258166222674,0.73
1,2027,pair,816,1.0999999999999992,"[2.8555334630198104e-07, -2.3561944817666913]",36,51,0.9999999999999982,4.384495386788027e-15,1.1000000000000012,0.73
1,2027,phase_pair,816,0.7505387249334008,"[3.2531959356431397, -0.7826404152983477]",36,51,0.9999999999999997,0.9759473164223706,0.750538724933401,0.73
1,2027,dicke,816,0.8670258166222651,"[3.2531959356431397, -0.7826404152983477]",39,95,0.9999999999999973,0.6506315442815784,0.8670258166222675,0.73
1,2028,pair,816,1.0999999999999985,"[1.199597394752061e-07, 5.497787155316775]",36,51,0.9999999999999984,8.94296790726292e-16,1.1000000000000003,0.73
1,2028,phase_pair,816,0.7505387249333996,"[3.2531958395549943, 2.3589522657283992]",36,51,0.9999999999999991,0.9759473135427353,0.7505387249334003,0.73
1,2028,dicke,816,0.8670258166222642,"[3.2531958395549943, 2.3589522657283992]",39,95,0.9999999999999967,0.6506315423618217,0.8670258166222672,0.73
2,2026,pair,1632,1.0578699665779996,"[1.0131459336851152, -1.2188410334976048, 5.882789347658482, 0.6930665088962353]",64,90,0.9999999999999991,0.2304505526475385,1.0578699665780005,0.73
2,2026,phase_pair,1632,0.7516763364213451,"[-3.280056513795086, -3.9028324841041697, -0.13133468432417494, 4.681318184056343]",64,90,0.9999999999999993,0.9740661312410395,0.7516763364213458,0.73
2,2026,dicke,1632,0.7336393934619625,"[-5.9894893974921715, 5.220389521779944, -2.938590277371086, -2.2710271907478923]",67,134,0.9999999999999979,0.9932416626218519,0.733639393461964,0.73
2,2027,pair,1632,1.0580957289503405,"[-0.940416403752899, -0.392941390496784, 5.941204627242831, -2.4401222379191565]",64,90,1.0000000000000013,0.21298205610692666,1.0580957289503392,0.73
2,2027,phase_pair,1632,0.7513460524510066,"[3.2811397705344194, 2.3470038788226644, 1.635998710149877, -3.173937661564494]",64,90,1.0000000000000009,0.9741340195530798,0.7513460524510059,0.73
2,2027,dicke,1632,0.7337549902940826,"[5.986248552159669, -2.090720177237731, 2.9378984854428984, -0.8801506856144805]",67,134,0.9999999999999971,0.9930251827449278,0.7337549902940848,0.73
2,2028,pair,1632,1.0642125162339076,"[-5.755684052028455, -1.8618823098721229, 5.531376931144699, -3.8289883389553285]",64,90,0.9999999999999986,0.26737702853185946,1.0642125162339091,0.73
2,2028,phase_pair,1632,0.7373238839819214,"[-2.6825608743717044, -4.694015693750064, 0.7391419116815525, 0.8104877329457909]",64,90,0.9999999999999992,0.9915579047950637,0.737323883981922,0.73
2,2028,dicke,1632,0.744189387617133,"[3.2414195589598664, -3.909669086250652, 4.366366515230234, -0.48928791274970806]",67,134,0.9999999999999977,0.9743103390379676,0.7441893876171348,0.73
