year,recorded_incidents,unknown_size_incidents,identity_exclusions,prescribed_exclusions,size_observed_incidents,mean_reported_size_ha,total_observed_size_ha,annual_mean_temp_c,annual_mean_temp_c_stations,summer_mean_temp_c,summer_mean_temp_c_stations,annual_precip_mm,annual_precip_mm_stations,summer_precip_mm,summer_precip_mm_stations,spring_precip_mm,spring_precip_mm_stations,annual_snowfall_cm,annual_snowfall_cm_stations,annual_highest_max_temp_c,annual_highest_max_temp_c_stations,annual_lowest_min_temp_c,annual_lowest_min_temp_c_stations,annual_heating_degree_days,annual_heating_degree_days_stations,annual_cooling_degree_days,annual_cooling_degree_days_stations
1988,3260,0,0,0,3260,119.8483742365578,390705.70001117844,6.086500208073242,267,19.526785714285715,280,863.6270967741937,310,222.78676470588235,340,161.11384615384614,325,185.71354838709678,310,35.77142857142857,252,-29.224803149606302,254,4599.801984126984,252,288.1480158730159,252
1989,2430,0,0,0,2430,166.20818932377819,403885.9000567811,5.225820052375608,270,18.82891278375149,279,817.0122977346279,309,205.54718100890207,337,195.80091463414632,328,200.3126213592233,309,32.74140625,256,-29.948062015503876,258,4825.421875,256,213.37109375,256
1990,1614,0,0,0,1614,113.81251549278052,183693.4000053478,6.878555442904886,269,18.610787878787878,275,982.3881578947369,304,251.89909638554218,332,210.2596923076923,325,151.82697368421054,304,32.279841897233204,253,-25.59803149606299,254,4185.58023715415,253,180.9505928853755,253
1991,2560,0,0,0,2560,124.53558593995683,318811.10000628943,7.055420179235969,266,19.676119402985073,268,865.9937716262976,289,194.89294478527606,326,266.0641509433962,318,174.68819444444443,288,33.474476987447694,239,-27.478512396694217,242,4260.548535564853,239,279.3774058577406,239
1992,960,0,0,0,960,183.3275000029243,175994.40000280735,5.30588892881383,253,16.286243386243385,252,997.59453125,256,306.3470198675497,302,197.69152542372882,295,185.4175298804781,251,30.034741784037557,213,-28.480275229357797,218,4669.385915492958,213,81.4131455399061,213
1993,743,0,0,0,743,140.9223418641302,104705.30000504873,5.428020488283646,247,18.794702842377262,258,872.9339920948617,253,246.04662162162163,296,189.88,280,175.59563492063492,252,32.336444444444446,225,-30.01101321585903,227,4531.1213333333335,225,187.47911111111114,225
1994,1012,0,94,0,1012,56.03033596186676,56702.69999340916,5.5889053803339515,245,18.418072289156626,249,843.1849206349207,252,257.4307420494699,283,218.54404332129963,277,179.3356,250,33.2283185840708,226,-34.347345132743364,226,4566.275221238938,226,174.58584070796462,226
1995,2053,0,143,1,2053,267.42829966864696,549030.299219732,5.843526695526696,245,19.900533333333332,250,944.0349593495935,246,233.55217391304348,276,187.26554307116106,267,214.0270042194093,237,34.65887445887446,231,-27.481896551724137,232,4574.680519480519,231,264.62857142857143,231
1996,1193,0,109,0,1193,368.9658005338439,440176.2000368758,5.208911102728529,241,18.506368563685637,246,1032.4504347826087,230,267.54226415094337,265,225.11456692913384,254,200.6433789954338,219,31.259565217391305,230,-31.07598253275109,229,4720.241484716157,229,163.4480349344978,229
1997,1621,0,30,3,1621,23.760024641690762,38514.99994418072,5.48293119479312,239,18.212955465587047,247,840.3495327102803,214,222.315234375,256,196.5025316455696,237,228.87788944723616,199,31.433640552995392,217,-29.486175115207374,217,4582.605092592592,216,150.2287037037037,216
1998,2248,0,68,0,2248,70.39532918927458,158248.70001748926,8.102881593714928,234,19.01576763485477,241,787.1479262672812,217,228.3,256,199.49612068965516,232,128.4669950738916,203,32.32702702702703,222,-23.577477477477476,222,3757.0364864864864,222,246.22522522522522,222
1999,992,0,56,1,992,330.3009072599796,327658.5000018998,7.268989898989899,236,19.48748241912799,237,867.2642533936652,221,234.17007874015746,254,149.94710743801653,242,184.8648514851485,202,32.838839285714286,224,-28.774887892376682,223,4113.503587443946,223,266.4390134529148,223
2000,638,0,18,3,638,10.457993736169467,6672.20000367612,6.128797101449275,230,17.70349344978166,229,965.59375,208,328.6621951219512,246,231.94936170212765,235,219.4572192513369,187,30.391866028708133,209,-27.916746411483256,209,4432.873684210526,209,149.32248803827753,209
2001,1533,0,68,1,1533,4.909262894456766,7525.9000172022215,7.215810910832462,232,19.160541310541312,234,885.679802955665,203,184.0212244897959,245,184.0832599118943,227,194.49942528735633,174,34.75817307692308,208,-25.21961722488038,209,4066.4682692307692,208,239.6932692307692,208
2002,1102,0,60,0,1102,155.95190576290685,171859.00015072332,6.627918819531723,217,19.49816513761468,218,820.0656565656566,198,213.44342105263158,228,252.5305164319249,213,209.41757575757578,165,33.64257425742574,202,-23.903465346534652,202,4400.351485148515,202,297.32970297029703,202
2003,999,0,40,1,999,312.9982983109896,312685.3000126786,5.648193900729786,209,18.79652448657188,211,936.1198979591836,196,232.8185520361991,221,213.11603773584906,212,211.834375,160,32.50102564102564,195,-30.664615384615388,195,4655.530256410257,195,196.73128205128205,195
2004,423,0,12,1,423,3.732860522859641,1579.000001169628,5.5593733003108,208,17.194444444444443,204,923.3084656084656,189,246.65330188679246,212,259.9033333333333,210,214.58402777777778,144,30.141752577319586,194,-31.88865979381443,194,4664.382989690722,194,138.18350515463916,194
2005,1958,0,2,2,1958,21.62334014720393,42338.5000082253,6.47418062200957,152,20.283006535947713,153,840.1945736434109,129,220.92611464968155,157,151.5374149659864,147,220.76506024096386,83,34.32406015037594,133,-30.574626865671643,134,4508.598496240601,133,322.02556390977446,133
2006,2281,0,2,1,2281,65.59333660984862,149618.4008070647,7.92888207070707,200,19.235139573070608,203,937.8007352941177,136,221.88954545454544,220,188.32662337662336,154,144.06162790697672,86,33.77793103448276,145,-24.443055555555556,144,4127.711111111112,144,216.71319444444444,144
2007,1121,0,6,0,1121,36.25932221122164,40646.70019877946,6.1227084314649085,193,18.861853832442065,187,785.3940119760479,167,192.9515306122449,196,177.26923076923077,195,227.18245614035087,114,33.549390243902444,164,-28.05731707317073,164,4344.990853658536,164,225.81158536585366,164
2008,340,0,0,0,340,3.871764712189033,1316.400002144271,5.586106948606949,182,18.439594843462245,181,1022.0389221556886,167,296.6542105263158,190,216.50423280423283,189,282.2632478632479,117,31.31807228915663,166,-27.3,166,4472.447590361446,166,152.84698795180722,166
2009,386,0,2,0,386,53.601295338625356,20690.100000709386,5.281547680191748,177,17.22322097378277,178,888.493567251462,171,267.72780748663104,187,242.85966850828729,181,175.61282051282052,117,31.238596491228073,171,-31.147674418604648,172,4517.140350877193,171,118.85204678362574,171
2010,929,0,4,1,929,15.955758830139391,14822.899953199496,7.124789321789321,175,19.42104283054004,179,832.5012987012987,154,282.9759776536313,179,151.55,168,128.1104761904762,105,32.950609756097556,164,-26.0390243902439,164,3979.9810975609757,164,249.52439024390245,164
2011,1330,0,8,0,1330,477.7245109766491,635373.5995989434,6.445431935635424,172,19.37705882352941,170,911.4389937106918,159,217.28228571428573,175,273.2229411764706,170,174.83431372549018,102,33.84025157232705,159,-29.82704402515723,159,4134.93670886076,158,228.87088607594936,158
2012,1613,0,8,0,1613,93.96956075364075,151572.9014956225,7.945176159182183,166,19.808481262327415,169,765.9603896103896,154,208.94310344827585,174,147.0842105263158,171,134.83936170212766,94,34.214189189189185,148,-23.66756756756757,148,3710.5768707483,147,276.6156462585034,147
2013,581,0,0,0,581,87.93201351846106,51088.49985422587,5.388016611902154,166,18.379166666666666,168,941.640127388535,157,264.27396449704145,169,209.75939393939396,165,217.22446808510637,94,32.75471698113208,159,-28.571337579617833,157,4433.573885350318,157,191.20000000000002,157
2014,298,0,10,0,298,18.063422820837157,5382.900000609473,4.487989770314611,157,17.795238095238094,161,836.6432624113475,141,264.14444444444445,153,193.76973684210526,152,206.41315789473683,76,30.385135135135137,148,-32.27905405405406,148,4798.143243243243,148,129.99729729729728,148
2015,665,0,6,0,665,59.11233083132944,39309.70000283408,5.7061891925388855,163,17.971515151515153,165,745.3615384615384,143,247.59032258064516,155,150.03506493506495,154,143.6092105263158,76,31.967741935483872,155,-32.197419354838715,155,4390.441935483871,155,183.46,155
2016,640,0,8,0,640,129.75203142219226,83041.30011020305,6.764048497798498,156,19.35116772823779,157,766.4664335664336,143,215.23355704697985,149,176.40592105263158,152,194.21666666666667,72,33.045859872611466,157,-29.82156862745098,153,4024.9549019607844,153,255.9529411764706,153
2017,773,0,6,0,773,145.32587309720486,112336.89990413937,6.083080808080808,155,17.881290322580643,155,922.3375,136,261.83767123287674,146,264.04041095890415,146,175.8159420289855,69,31.37450980392157,153,-29.246308724832215,149,4126.88322147651,149,161.4234899328859,149
2018,1320,0,8,0,1320,201.10560364064233,265459.39680564794,5.41599161550142,153,19.37037037037037,153,810.9862595419847,131,214.73120567375886,141,172.43857142857144,140,179.38153846153844,65,33.01643835616438,146,-30.086301369863016,146,4511.739041095891,146,267.8294520547945,146
