year,split,weather_months_downloaded,nfdb_incident_rows,nfdb_eligible_before_weather,fire_update_rows,distinct_fire_ids,distinct_report_dates,woodland_status,individual_update_note,weather_url,fire_url,historical_incident_url,woodland_url
1988,train,12,3260,3260,,,,downloaded,no operational updates in snapshot; NFDB incidents reported separately; not no-fire evidence,https://climate.weather.gc.ca/prods_servs/cdn_climate_summary_e.html,https://api.cwfif.nrcan.gc.ca/reported-fire-stats/docs#/Fire%20Stats%20for%20a%20Given%20Day/get_fire_list_fire_list_get,https://cwfis.cfs.nrcan.gc.ca/downloads/nfdb/fire_pnt/current_version/NFDB_point_txt.zip,https://open.canada.ca/data/en/dataset/2785c103-9c2d-429b-9f3d-89f5cd9ea94d
1989,train,12,2430,2430,,,,downloaded,no operational updates in snapshot; NFDB incidents reported separately; not no-fire evidence,https://climate.weather.gc.ca/prods_servs/cdn_climate_summary_e.html,https://api.cwfif.nrcan.gc.ca/reported-fire-stats/docs#/Fire%20Stats%20for%20a%20Given%20Day/get_fire_list_fire_list_get,https://cwfis.cfs.nrcan.gc.ca/downloads/nfdb/fire_pnt/current_version/NFDB_point_txt.zip,https://open.canada.ca/data/en/dataset/2785c103-9c2d-429b-9f3d-89f5cd9ea94d
1990,train,12,1614,1614,,,,downloaded,no operational updates in snapshot; NFDB incidents reported separately; not no-fire evidence,https://climate.weather.gc.ca/prods_servs/cdn_climate_summary_e.html,https://api.cwfif.nrcan.gc.ca/reported-fire-stats/docs#/Fire%20Stats%20for%20a%20Given%20Day/get_fire_list_fire_list_get,https://cwfis.cfs.nrcan.gc.ca/downloads/nfdb/fire_pnt/current_version/NFDB_point_txt.zip,https://open.canada.ca/data/en/dataset/2785c103-9c2d-429b-9f3d-89f5cd9ea94d
1991,train,12,2560,2560,,,,downloaded,no operational updates in snapshot; NFDB incidents reported separately; not no-fire evidence,https://climate.weather.gc.ca/prods_servs/cdn_climate_summary_e.html,https://api.cwfif.nrcan.gc.ca/reported-fire-stats/docs#/Fire%20Stats%20for%20a%20Given%20Day/get_fire_list_fire_list_get,https://cwfis.cfs.nrcan.gc.ca/downloads/nfdb/fire_pnt/current_version/NFDB_point_txt.zip,https://open.canada.ca/data/en/dataset/2785c103-9c2d-429b-9f3d-89f5cd9ea94d
1992,train,12,960,960,,,,downloaded,no operational updates in snapshot; NFDB incidents reported separately; not no-fire evidence,https://climate.weather.gc.ca/prods_servs/cdn_climate_summary_e.html,https://api.cwfif.nrcan.gc.ca/reported-fire-stats/docs#/Fire%20Stats%20for%20a%20Given%20Day/get_fire_list_fire_list_get,https://cwfis.cfs.nrcan.gc.ca/downloads/nfdb/fire_pnt/current_version/NFDB_point_txt.zip,https://open.canada.ca/data/en/dataset/2785c103-9c2d-429b-9f3d-89f5cd9ea94d
1993,train,12,743,743,,,,downloaded,no operational updates in snapshot; NFDB incidents reported separately; not no-fire evidence,https://climate.weather.gc.ca/prods_servs/cdn_climate_summary_e.html,https://api.cwfif.nrcan.gc.ca/reported-fire-stats/docs#/Fire%20Stats%20for%20a%20Given%20Day/get_fire_list_fire_list_get,https://cwfis.cfs.nrcan.gc.ca/downloads/nfdb/fire_pnt/current_version/NFDB_point_txt.zip,https://open.canada.ca/data/en/dataset/2785c103-9c2d-429b-9f3d-89f5cd9ea94d
1994,train,12,1106,1012,,,,downloaded,no operational updates in snapshot; NFDB incidents reported separately; not no-fire evidence,https://climate.weather.gc.ca/prods_servs/cdn_climate_summary_e.html,https://api.cwfif.nrcan.gc.ca/reported-fire-stats/docs#/Fire%20Stats%20for%20a%20Given%20Day/get_fire_list_fire_list_get,https://cwfis.cfs.nrcan.gc.ca/downloads/nfdb/fire_pnt/current_version/NFDB_point_txt.zip,https://open.canada.ca/data/en/dataset/2785c103-9c2d-429b-9f3d-89f5cd9ea94d
1995,train,12,2197,2053,,,,downloaded,no operational updates in snapshot; NFDB incidents reported separately; not no-fire evidence,https://climate.weather.gc.ca/prods_servs/cdn_climate_summary_e.html,https://api.cwfif.nrcan.gc.ca/reported-fire-stats/docs#/Fire%20Stats%20for%20a%20Given%20Day/get_fire_list_fire_list_get,https://cwfis.cfs.nrcan.gc.ca/downloads/nfdb/fire_pnt/current_version/NFDB_point_txt.zip,https://open.canada.ca/data/en/dataset/2785c103-9c2d-429b-9f3d-89f5cd9ea94d
1996,train,12,1302,1193,,,,downloaded,no operational updates in snapshot; NFDB incidents reported separately; not no-fire evidence,https://climate.weather.gc.ca/prods_servs/cdn_climate_summary_e.html,https://api.cwfif.nrcan.gc.ca/reported-fire-stats/docs#/Fire%20Stats%20for%20a%20Given%20Day/get_fire_list_fire_list_get,https://cwfis.cfs.nrcan.gc.ca/downloads/nfdb/fire_pnt/current_version/NFDB_point_txt.zip,https://open.canada.ca/data/en/dataset/2785c103-9c2d-429b-9f3d-89f5cd9ea94d
1997,train,12,1654,1619,,,,downloaded,no operational updates in snapshot; NFDB incidents reported separately; not no-fire evidence,https://climate.weather.gc.ca/prods_servs/cdn_climate_summary_e.html,https://api.cwfif.nrcan.gc.ca/reported-fire-stats/docs#/Fire%20Stats%20for%20a%20Given%20Day/get_fire_list_fire_list_get,https://cwfis.cfs.nrcan.gc.ca/downloads/nfdb/fire_pnt/current_version/NFDB_point_txt.zip,https://open.canada.ca/data/en/dataset/2785c103-9c2d-429b-9f3d-89f5cd9ea94d
1998,train,12,2316,2248,,,,downloaded,no operational updates in snapshot; NFDB incidents reported separately; not no-fire evidence,https://climate.weather.gc.ca/prods_servs/cdn_climate_summary_e.html,https://api.cwfif.nrcan.gc.ca/reported-fire-stats/docs#/Fire%20Stats%20for%20a%20Given%20Day/get_fire_list_fire_list_get,https://cwfis.cfs.nrcan.gc.ca/downloads/nfdb/fire_pnt/current_version/NFDB_point_txt.zip,https://open.canada.ca/data/en/dataset/2785c103-9c2d-429b-9f3d-89f5cd9ea94d
1999,train,12,1049,992,,,,downloaded,no operational updates in snapshot; NFDB incidents reported separately; not no-fire evidence,https://climate.weather.gc.ca/prods_servs/cdn_climate_summary_e.html,https://api.cwfif.nrcan.gc.ca/reported-fire-stats/docs#/Fire%20Stats%20for%20a%20Given%20Day/get_fire_list_fire_list_get,https://cwfis.cfs.nrcan.gc.ca/downloads/nfdb/fire_pnt/current_version/NFDB_point_txt.zip,https://open.canada.ca/data/en/dataset/2785c103-9c2d-429b-9f3d-89f5cd9ea94d
2000,train,12,659,635,,,,downloaded,no operational updates in snapshot; NFDB incidents reported separately; not no-fire evidence,https://climate.weather.gc.ca/prods_servs/cdn_climate_summary_e.html,https://api.cwfif.nrcan.gc.ca/reported-fire-stats/docs#/Fire%20Stats%20for%20a%20Given%20Day/get_fire_list_fire_list_get,https://cwfis.cfs.nrcan.gc.ca/downloads/nfdb/fire_pnt/current_version/NFDB_point_txt.zip,https://open.canada.ca/data/en/dataset/2785c103-9c2d-429b-9f3d-89f5cd9ea94d
2001,train,12,1602,1533,,,,downloaded,no operational updates in snapshot; NFDB incidents reported separately; not no-fire evidence,https://climate.weather.gc.ca/prods_servs/cdn_climate_summary_e.html,https://api.cwfif.nrcan.gc.ca/reported-fire-stats/docs#/Fire%20Stats%20for%20a%20Given%20Day/get_fire_list_fire_list_get,https://cwfis.cfs.nrcan.gc.ca/downloads/nfdb/fire_pnt/current_version/NFDB_point_txt.zip,https://open.canada.ca/data/en/dataset/2785c103-9c2d-429b-9f3d-89f5cd9ea94d
2002,train,12,1162,1102,,,,downloaded,no operational updates in snapshot; NFDB incidents reported separately; not no-fire evidence,https://climate.weather.gc.ca/prods_servs/cdn_climate_summary_e.html,https://api.cwfif.nrcan.gc.ca/reported-fire-stats/docs#/Fire%20Stats%20for%20a%20Given%20Day/get_fire_list_fire_list_get,https://cwfis.cfs.nrcan.gc.ca/downloads/nfdb/fire_pnt/current_version/NFDB_point_txt.zip,https://open.canada.ca/data/en/dataset/2785c103-9c2d-429b-9f3d-89f5cd9ea94d
2003,train,12,1040,999,,,,downloaded,no operational updates in snapshot; NFDB incidents reported separately; not no-fire evidence,https://climate.weather.gc.ca/prods_servs/cdn_climate_summary_e.html,https://api.cwfif.nrcan.gc.ca/reported-fire-stats/docs#/Fire%20Stats%20for%20a%20Given%20Day/get_fire_list_fire_list_get,https://cwfis.cfs.nrcan.gc.ca/downloads/nfdb/fire_pnt/current_version/NFDB_point_txt.zip,https://open.canada.ca/data/en/dataset/2785c103-9c2d-429b-9f3d-89f5cd9ea94d
2004,train,12,436,423,,,,downloaded,no operational updates in snapshot; NFDB incidents reported separately; not no-fire evidence,https://climate.weather.gc.ca/prods_servs/cdn_climate_summary_e.html,https://api.cwfif.nrcan.gc.ca/reported-fire-stats/docs#/Fire%20Stats%20for%20a%20Given%20Day/get_fire_list_fire_list_get,https://cwfis.cfs.nrcan.gc.ca/downloads/nfdb/fire_pnt/current_version/NFDB_point_txt.zip,https://open.canada.ca/data/en/dataset/2785c103-9c2d-429b-9f3d-89f5cd9ea94d
2005,train,12,1962,1958,,,,downloaded,no operational updates in snapshot; NFDB incidents reported separately; not no-fire evidence,https://climate.weather.gc.ca/prods_servs/cdn_climate_summary_e.html,https://api.cwfif.nrcan.gc.ca/reported-fire-stats/docs#/Fire%20Stats%20for%20a%20Given%20Day/get_fire_list_fire_list_get,https://cwfis.cfs.nrcan.gc.ca/downloads/nfdb/fire_pnt/current_version/NFDB_point_txt.zip,https://open.canada.ca/data/en/dataset/2785c103-9c2d-429b-9f3d-89f5cd9ea94d
2006,train,12,2284,2280,,,,downloaded,no operational updates in snapshot; NFDB incidents reported separately; not no-fire evidence,https://climate.weather.gc.ca/prods_servs/cdn_climate_summary_e.html,https://api.cwfif.nrcan.gc.ca/reported-fire-stats/docs#/Fire%20Stats%20for%20a%20Given%20Day/get_fire_list_fire_list_get,https://cwfis.cfs.nrcan.gc.ca/downloads/nfdb/fire_pnt/current_version/NFDB_point_txt.zip,https://open.canada.ca/data/en/dataset/2785c103-9c2d-429b-9f3d-89f5cd9ea94d
2007,train,12,1127,1121,,,,downloaded,no operational updates in snapshot; NFDB incidents reported separately; not no-fire evidence,https://climate.weather.gc.ca/prods_servs/cdn_climate_summary_e.html,https://api.cwfif.nrcan.gc.ca/reported-fire-stats/docs#/Fire%20Stats%20for%20a%20Given%20Day/get_fire_list_fire_list_get,https://cwfis.cfs.nrcan.gc.ca/downloads/nfdb/fire_pnt/current_version/NFDB_point_txt.zip,https://open.canada.ca/data/en/dataset/2785c103-9c2d-429b-9f3d-89f5cd9ea94d
2008,train,12,340,340,,,,downloaded,no operational updates in snapshot; NFDB incidents reported separately; not no-fire evidence,https://climate.weather.gc.ca/prods_servs/cdn_climate_summary_e.html,https://api.cwfif.nrcan.gc.ca/reported-fire-stats/docs#/Fire%20Stats%20for%20a%20Given%20Day/get_fire_list_fire_list_get,https://cwfis.cfs.nrcan.gc.ca/downloads/nfdb/fire_pnt/current_version/NFDB_point_txt.zip,https://open.canada.ca/data/en/dataset/2785c103-9c2d-429b-9f3d-89f5cd9ea94d
2009,train,12,388,386,,,,downloaded,no operational updates in snapshot; NFDB incidents reported separately; not no-fire evidence,https://climate.weather.gc.ca/prods_servs/cdn_climate_summary_e.html,https://api.cwfif.nrcan.gc.ca/reported-fire-stats/docs#/Fire%20Stats%20for%20a%20Given%20Day/get_fire_list_fire_list_get,https://cwfis.cfs.nrcan.gc.ca/downloads/nfdb/fire_pnt/current_version/NFDB_point_txt.zip,https://open.canada.ca/data/en/dataset/2785c103-9c2d-429b-9f3d-89f5cd9ea94d
2010,train,12,934,929,902,902,158,downloaded,operational updates in snapshot; completeness unknown,https://climate.weather.gc.ca/prods_servs/cdn_climate_summary_e.html,https://api.cwfif.nrcan.gc.ca/reported-fire-stats/docs#/Fire%20Stats%20for%20a%20Given%20Day/get_fire_list_fire_list_get,https://cwfis.cfs.nrcan.gc.ca/downloads/nfdb/fire_pnt/current_version/NFDB_point_txt.zip,https://open.canada.ca/data/en/dataset/2785c103-9c2d-429b-9f3d-89f5cd9ea94d
2011,train,12,1338,1329,3470,1256,152,downloaded,operational updates in snapshot; completeness unknown,https://climate.weather.gc.ca/prods_servs/cdn_climate_summary_e.html,https://api.cwfif.nrcan.gc.ca/reported-fire-stats/docs#/Fire%20Stats%20for%20a%20Given%20Day/get_fire_list_fire_list_get,https://cwfis.cfs.nrcan.gc.ca/downloads/nfdb/fire_pnt/current_version/NFDB_point_txt.zip,https://open.canada.ca/data/en/dataset/2785c103-9c2d-429b-9f3d-89f5cd9ea94d
2012,train,12,1621,1613,5601,1614,184,downloaded,operational updates in snapshot; completeness unknown,https://climate.weather.gc.ca/prods_servs/cdn_climate_summary_e.html,https://api.cwfif.nrcan.gc.ca/reported-fire-stats/docs#/Fire%20Stats%20for%20a%20Given%20Day/get_fire_list_fire_list_get,https://cwfis.cfs.nrcan.gc.ca/downloads/nfdb/fire_pnt/current_version/NFDB_point_txt.zip,https://open.canada.ca/data/en/dataset/2785c103-9c2d-429b-9f3d-89f5cd9ea94d
2013,train,12,581,581,1159,232,79,downloaded,operational updates in snapshot; completeness unknown,https://climate.weather.gc.ca/prods_servs/cdn_climate_summary_e.html,https://api.cwfif.nrcan.gc.ca/reported-fire-stats/docs#/Fire%20Stats%20for%20a%20Given%20Day/get_fire_list_fire_list_get,https://cwfis.cfs.nrcan.gc.ca/downloads/nfdb/fire_pnt/current_version/NFDB_point_txt.zip,https://open.canada.ca/data/en/dataset/2785c103-9c2d-429b-9f3d-89f5cd9ea94d
2014,train,12,308,298,557,230,80,downloaded,operational updates in snapshot; completeness unknown,https://climate.weather.gc.ca/prods_servs/cdn_climate_summary_e.html,https://api.cwfif.nrcan.gc.ca/reported-fire-stats/docs#/Fire%20Stats%20for%20a%20Given%20Day/get_fire_list_fire_list_get,https://cwfis.cfs.nrcan.gc.ca/downloads/nfdb/fire_pnt/current_version/NFDB_point_txt.zip,https://open.canada.ca/data/en/dataset/2785c103-9c2d-429b-9f3d-89f5cd9ea94d
2015,train,12,671,665,1566,580,137,downloaded,operational updates in snapshot; completeness unknown,https://climate.weather.gc.ca/prods_servs/cdn_climate_summary_e.html,https://api.cwfif.nrcan.gc.ca/reported-fire-stats/docs#/Fire%20Stats%20for%20a%20Given%20Day/get_fire_list_fire_list_get,https://cwfis.cfs.nrcan.gc.ca/downloads/nfdb/fire_pnt/current_version/NFDB_point_txt.zip,https://open.canada.ca/data/en/dataset/2785c103-9c2d-429b-9f3d-89f5cd9ea94d
2016,train,12,648,640,1768,637,135,downloaded,operational updates in snapshot; completeness unknown,https://climate.weather.gc.ca/prods_servs/cdn_climate_summary_e.html,https://api.cwfif.nrcan.gc.ca/reported-fire-stats/docs#/Fire%20Stats%20for%20a%20Given%20Day/get_fire_list_fire_list_get,https://cwfis.cfs.nrcan.gc.ca/downloads/nfdb/fire_pnt/current_version/NFDB_point_txt.zip,https://open.canada.ca/data/en/dataset/2785c103-9c2d-429b-9f3d-89f5cd9ea94d
2017,train,12,779,773,2515,781,152,downloaded,operational updates in snapshot; completeness unknown,https://climate.weather.gc.ca/prods_servs/cdn_climate_summary_e.html,https://api.cwfif.nrcan.gc.ca/reported-fire-stats/docs#/Fire%20Stats%20for%20a%20Given%20Day/get_fire_list_fire_list_get,https://cwfis.cfs.nrcan.gc.ca/downloads/nfdb/fire_pnt/current_version/NFDB_point_txt.zip,https://open.canada.ca/data/en/dataset/2785c103-9c2d-429b-9f3d-89f5cd9ea94d
2018,train,12,1328,1320,4150,1331,146,downloaded,operational updates in snapshot; completeness unknown,https://climate.weather.gc.ca/prods_servs/cdn_climate_summary_e.html,https://api.cwfif.nrcan.gc.ca/reported-fire-stats/docs#/Fire%20Stats%20for%20a%20Given%20Day/get_fire_list_fire_list_get,https://cwfis.cfs.nrcan.gc.ca/downloads/nfdb/fire_pnt/current_version/NFDB_point_txt.zip,https://open.canada.ca/data/en/dataset/2785c103-9c2d-429b-9f3d-89f5cd9ea94d
2019,test,12,538,536,6288,544,135,downloaded,operational updates in snapshot; completeness unknown,https://climate.weather.gc.ca/prods_servs/cdn_climate_summary_e.html,https://api.cwfif.nrcan.gc.ca/reported-fire-stats/docs#/Fire%20Stats%20for%20a%20Given%20Day/get_fire_list_fire_list_get,https://cwfis.cfs.nrcan.gc.ca/downloads/nfdb/fire_pnt/current_version/NFDB_point_txt.zip,https://open.canada.ca/data/en/dataset/2785c103-9c2d-429b-9f3d-89f5cd9ea94d
2020,test,12,609,605,2417,608,127,downloaded,operational updates in snapshot; completeness unknown,https://climate.weather.gc.ca/prods_servs/cdn_climate_summary_e.html,https://api.cwfif.nrcan.gc.ca/reported-fire-stats/docs#/Fire%20Stats%20for%20a%20Given%20Day/get_fire_list_fire_list_get,https://cwfis.cfs.nrcan.gc.ca/downloads/nfdb/fire_pnt/current_version/NFDB_point_txt.zip,https://open.canada.ca/data/en/dataset/2785c103-9c2d-429b-9f3d-89f5cd9ea94d
2021,test,12,1200,1194,4765,1203,156,downloaded,operational updates in snapshot; completeness unknown,https://climate.weather.gc.ca/prods_servs/cdn_climate_summary_e.html,https://api.cwfif.nrcan.gc.ca/reported-fire-stats/docs#/Fire%20Stats%20for%20a%20Given%20Day/get_fire_list_fire_list_get,https://cwfis.cfs.nrcan.gc.ca/downloads/nfdb/fire_pnt/current_version/NFDB_point_txt.zip,https://open.canada.ca/data/en/dataset/2785c103-9c2d-429b-9f3d-89f5cd9ea94d
2022,test,12,276,274,973,276,118,downloaded,operational updates in snapshot; completeness unknown,https://climate.weather.gc.ca/prods_servs/cdn_climate_summary_e.html,https://api.cwfif.nrcan.gc.ca/reported-fire-stats/docs#/Fire%20Stats%20for%20a%20Given%20Day/get_fire_list_fire_list_get,https://cwfis.cfs.nrcan.gc.ca/downloads/nfdb/fire_pnt/current_version/NFDB_point_txt.zip,https://open.canada.ca/data/en/dataset/2785c103-9c2d-429b-9f3d-89f5cd9ea94d
2023,test,12,748,738,4173,749,148,outside_product_years,operational updates in snapshot; completeness unknown,https://climate.weather.gc.ca/prods_servs/cdn_climate_summary_e.html,https://api.cwfif.nrcan.gc.ca/reported-fire-stats/docs#/Fire%20Stats%20for%20a%20Given%20Day/get_fire_list_fire_list_get,https://cwfis.cfs.nrcan.gc.ca/downloads/nfdb/fire_pnt/current_version/NFDB_point_txt.zip,https://open.canada.ca/data/en/dataset/2785c103-9c2d-429b-9f3d-89f5cd9ea94d
2024,test,12,491,481,2692,491,165,outside_product_years,operational updates in snapshot; completeness unknown,https://climate.weather.gc.ca/prods_servs/cdn_climate_summary_e.html,https://api.cwfif.nrcan.gc.ca/reported-fire-stats/docs#/Fire%20Stats%20for%20a%20Given%20Day/get_fire_list_fire_list_get,https://cwfis.cfs.nrcan.gc.ca/downloads/nfdb/fire_pnt/current_version/NFDB_point_txt.zip,https://open.canada.ca/data/en/dataset/2785c103-9c2d-429b-9f3d-89f5cd9ea94d
