year,recorded_incidents,unknown_size_incidents,identity_exclusions,prescribed_exclusions,size_observed_incidents,mean_reported_size_ha,total_observed_size_ha,annual_mean_temp_c,annual_mean_temp_c_stations,summer_mean_temp_c,summer_mean_temp_c_stations,annual_precip_mm,annual_precip_mm_stations,summer_precip_mm,summer_precip_mm_stations,spring_precip_mm,spring_precip_mm_stations,annual_snowfall_cm,annual_snowfall_cm_stations,annual_highest_max_temp_c,annual_highest_max_temp_c_stations,annual_lowest_min_temp_c,annual_lowest_min_temp_c_stations,annual_heating_degree_days,annual_heating_degree_days_stations,annual_cooling_degree_days,annual_cooling_degree_days_stations,forest_epoch,forest_closure,forest_biomass,forest_age,spruce_pine_share_of_three_species,prior_epoch_biomass_change_per_year,forest_age_epoch,forest_age_staleness_years,lag_fire_year,lag_reported_fire_area_ha,zero,calendar_linear,calendar_square,calendar_cube,calendar_epoch,broadleaf_crown_closure,black_spruce_crown_closure,jack_pine_crown_closure,lag_recorded_incidents
1988,3260,0,0,0,3260,119.8483742365578,390705.7000111784,6.086500208073242,267,19.526785714285715,280,863.6270967741937,310,222.78676470588235,340,161.11384615384614,325,185.7135483870968,310,35.77142857142857,252,-29.224803149606306,254,4599.801984126984,252,288.1480158730159,252,1985,33.022277926176095,35.86937520947861,45.890042336160995,0.6686482196218928,,1985,3,1987,,0.0,0,0,0,1985,9.136737702087522,15.499615155498816,2.9377790564222224,
1989,2430,0,0,0,2430,166.2081893237782,403885.9000567811,5.225820052375608,270,18.82891278375149,279,817.0122977346279,309,205.54718100890207,337,195.80091463414632,328,200.3126213592233,309,32.74140625,256,-29.948062015503876,258,4825.421875,256,213.37109375,256,1985,33.022277926176095,35.86937520947861,45.890042336160995,0.6686482196218928,,1985,4,1988,390705.7000111784,0.0,1,1,1,1985,9.136737702087522,15.499615155498816,2.9377790564222224,3260.0
1990,1614,0,0,0,1614,113.81251549278052,183693.4000053478,6.878555442904886,269,18.61078787878788,275,982.3881578947368,304,251.89909638554215,332,210.2596923076923,325,151.82697368421054,304,32.279841897233204,253,-25.59803149606299,254,4185.58023715415,253,180.9505928853755,253,1985,33.022277926176095,35.86937520947861,45.890042336160995,0.6686482196218928,,1985,5,1989,403885.9000567811,0.0,2,4,8,1985,9.136737702087522,15.499615155498816,2.9377790564222224,2430.0
1991,2560,0,0,0,2560,124.53558593995685,318811.10000628943,7.055420179235969,266,19.676119402985073,268,865.9937716262976,289,194.8929447852761,326,266.0641509433962,318,174.68819444444443,288,33.474476987447694,239,-27.478512396694217,242,4260.548535564853,239,279.3774058577406,239,1990,32.661683265247724,35.81274433651527,48.907074647201,0.6690773760088417,-0.0113261745926675,1990,1,1990,183693.4000053478,0.0,3,9,27,1990,9.05762908408775,15.53961204671478,2.7735955162855683,1614.0
1992,960,0,0,0,960,183.3275000029243,175994.40000280735,5.30588892881383,253,16.286243386243385,252,997.59453125,256,306.3470198675497,302,197.6915254237288,295,185.4175298804781,251,30.034741784037557,213,-28.480275229357797,218,4669.385915492958,213,81.4131455399061,213,1990,32.661683265247724,35.81274433651527,48.907074647201,0.6690773760088417,-0.0113261745926675,1990,2,1991,318811.10000628943,0.0,4,16,64,1990,9.05762908408775,15.53961204671478,2.7735955162855683,2560.0
1993,743,0,0,0,743,140.9223418641302,104705.30000504872,5.428020488283646,247,18.794702842377266,258,872.9339920948617,253,246.04662162162165,296,189.88,280,175.59563492063492,252,32.336444444444446,225,-30.01101321585903,227,4531.1213333333335,225,187.4791111111111,225,1990,32.661683265247724,35.81274433651527,48.907074647201,0.6690773760088417,-0.0113261745926675,1990,3,1992,175994.40000280735,0.0,5,25,125,1990,9.05762908408775,15.53961204671478,2.7735955162855683,960.0
1994,1012,0,94,0,1012,56.03033596186676,56702.69999340916,5.5889053803339515,245,18.418072289156623,249,843.1849206349207,252,257.4307420494699,283,218.54404332129965,277,179.3356,250,33.2283185840708,226,-34.347345132743364,226,4566.275221238938,226,174.58584070796462,226,1990,32.661683265247724,35.81274433651527,48.907074647201,0.6690773760088417,-0.0113261745926675,1990,4,1993,104705.30000504872,0.0,6,36,216,1990,9.05762908408775,15.53961204671478,2.7735955162855683,743.0
1995,2053,0,143,1,2053,267.42829966864696,549030.299219732,5.843526695526696,245,19.900533333333332,250,944.0349593495936,246,233.55217391304348,276,187.26554307116103,267,214.0270042194093,237,34.65887445887446,231,-27.481896551724137,232,4574.680519480519,231,264.62857142857143,231,1990,32.661683265247724,35.81274433651527,48.907074647201,0.6690773760088417,-0.0113261745926675,1990,5,1994,56702.69999340916,0.0,7,49,343,1990,9.05762908408775,15.53961204671478,2.7735955162855683,1012.0
1996,1193,0,109,0,1193,368.9658005338439,440176.2000368758,5.208911102728529,241,18.506368563685637,246,1032.450434782609,230,267.54226415094337,265,225.11456692913384,254,200.6433789954338,219,31.259565217391305,230,-31.07598253275109,229,4720.241484716157,229,163.4480349344978,229,1995,32.98701817711326,36.1636282424198,51.69210607032318,0.6570149471964188,0.0701767811809051,1995,1,1995,549030.299219732,0.0,8,64,512,1995,9.437657619545773,15.334207752441875,2.7443705175992945,2053.0
1997,1621,0,30,3,1621,23.76002464169076,38514.99994418072,5.48293119479312,239,18.212955465587047,247,840.3495327102803,214,222.315234375,256,196.5025316455696,237,228.87788944723616,199,31.433640552995392,217,-29.486175115207377,217,4582.605092592592,216,150.2287037037037,216,1995,32.98701817711326,36.1636282424198,51.69210607032318,0.6570149471964188,0.0701767811809051,1995,2,1996,440176.2000368758,0.0,9,81,729,1995,9.437657619545773,15.334207752441875,2.7443705175992945,1193.0
1998,2248,0,68,0,2248,70.39532918927458,158248.70001748926,8.102881593714928,234,19.01576763485477,241,787.1479262672812,217,228.3,256,199.49612068965516,232,128.4669950738916,203,32.32702702702703,222,-23.577477477477476,222,3757.0364864864864,222,246.2252252252252,222,1995,32.98701817711326,36.1636282424198,51.69210607032318,0.6570149471964188,0.0701767811809051,1995,3,1997,38514.99994418072,0.0,10,100,1000,1995,9.437657619545773,15.334207752441875,2.7443705175992945,1621.0
1999,992,0,56,1,992,330.3009072599796,327658.5000018998,7.268989898989899,236,19.48748241912799,237,867.2642533936652,221,234.17007874015744,254,149.94710743801653,242,184.8648514851485,202,32.838839285714286,224,-28.77488789237668,223,4113.503587443946,223,266.4390134529148,223,1995,32.98701817711326,36.1636282424198,51.69210607032318,0.6570149471964188,0.0701767811809051,1995,4,1998,158248.70001748926,0.0,11,121,1331,1995,9.437657619545773,15.334207752441875,2.7443705175992945,2248.0
2000,638,0,18,3,638,10.457993736169469,6672.20000367612,6.128797101449275,230,17.70349344978166,229,965.59375,208,328.6621951219512,246,231.94936170212765,235,219.4572192513369,187,30.391866028708133,209,-27.916746411483256,209,4432.873684210526,209,149.32248803827753,209,1995,32.98701817711326,36.1636282424198,51.69210607032318,0.6570149471964188,0.0701767811809051,1995,5,1999,327658.5000018998,0.0,12,144,1728,1995,9.437657619545773,15.334207752441875,2.7443705175992945,992.0
2001,1533,0,68,1,1533,4.909262894456766,7525.900017202221,7.215810910832462,232,19.160541310541312,234,885.679802955665,203,184.0212244897959,245,184.0832599118943,227,194.49942528735633,174,34.75817307692308,208,-25.21961722488038,209,4066.4682692307697,208,239.6932692307692,208,2000,32.96718797677774,35.70587856047402,54.38164603235611,0.6521493261839706,-0.0915499363891561,2000,1,2000,6672.20000367612,0.0,13,169,2197,2000,9.515109396962135,15.119552838509708,2.719343702129031,638.0
2002,1102,0,60,0,1102,155.95190576290685,171859.00015072332,6.627918819531723,217,19.49816513761468,218,820.0656565656566,198,213.4434210526316,228,252.5305164319249,213,209.41757575757575,165,33.64257425742574,202,-23.903465346534652,202,4400.351485148515,202,297.32970297029703,202,2000,32.96718797677774,35.70587856047402,54.38164603235611,0.6521493261839706,-0.0915499363891561,2000,2,2001,7525.900017202221,0.0,14,196,2744,2000,9.515109396962135,15.119552838509708,2.719343702129031,1533.0
2003,999,0,40,1,999,312.9982983109896,312685.3000126786,5.648193900729786,209,18.79652448657188,211,936.1198979591836,196,232.8185520361991,221,213.11603773584903,212,211.834375,160,32.50102564102564,195,-30.664615384615388,195,4655.530256410257,195,196.73128205128205,195,2000,32.96718797677774,35.70587856047402,54.38164603235611,0.6521493261839706,-0.0915499363891561,2000,3,2002,171859.00015072332,0.0,15,225,3375,2000,9.515109396962135,15.119552838509708,2.719343702129031,1102.0
2004,423,0,12,1,423,3.732860522859641,1579.000001169628,5.5593733003108,208,17.194444444444443,204,923.3084656084656,189,246.6533018867925,212,259.9033333333333,210,214.58402777777775,144,30.141752577319583,194,-31.88865979381443,194,4664.382989690722,194,138.18350515463916,194,2000,32.96718797677774,35.70587856047402,54.38164603235611,0.6521493261839706,-0.0915499363891561,2000,4,2003,312685.3000126786,0.0,16,256,4096,2000,9.515109396962135,15.119552838509708,2.719343702129031,999.0
2005,1958,0,2,2,1958,21.62334014720393,42338.5000082253,6.47418062200957,152,20.283006535947713,153,840.1945736434109,129,220.92611464968155,157,151.5374149659864,147,220.76506024096383,83,34.32406015037594,133,-30.574626865671643,134,4508.598496240601,133,322.02556390977446,133,2000,32.96718797677774,35.70587856047402,54.38164603235611,0.6521493261839706,-0.0915499363891561,2000,5,2004,1579.000001169628,0.0,17,289,4913,2000,9.515109396962135,15.119552838509708,2.719343702129031,423.0
2006,2281,0,2,1,2281,65.59333660984862,149618.4008070647,7.92888207070707,200,19.235139573070608,203,937.8007352941175,136,221.88954545454544,220,188.32662337662336,154,144.06162790697672,86,33.77793103448276,145,-24.443055555555556,144,4127.711111111112,144,216.71319444444444,144,2005,33.259069016330386,35.351145326380376,54.38164603235611,0.6403995661063899,-0.0709466468187291,2000,6,2005,42338.5000082253,0.0,18,324,5832,2005,9.89201634231245,14.803058089661041,2.813280425126217,1958.0
2007,1121,0,6,0,1121,36.25932221122164,40646.70019877946,6.1227084314649085,193,18.861853832442065,187,785.3940119760479,167,192.9515306122449,196,177.26923076923077,195,227.1824561403509,114,33.549390243902444,164,-28.05731707317073,164,4344.990853658536,164,225.8115853658537,164,2005,33.259069016330386,35.351145326380376,54.38164603235611,0.6403995661063899,-0.0709466468187291,2000,7,2006,149618.4008070647,0.0,19,361,6859,2005,9.89201634231245,14.803058089661041,2.813280425126217,2281.0
2008,340,0,0,0,340,3.871764712189033,1316.400002144271,5.586106948606949,182,18.439594843462245,181,1022.0389221556886,167,296.6542105263158,190,216.50423280423283,189,282.2632478632479,117,31.31807228915663,166,-27.3,166,4472.447590361446,166,152.84698795180722,166,2005,33.259069016330386,35.351145326380376,54.38164603235611,0.6403995661063899,-0.0709466468187291,2000,8,2007,40646.70019877946,0.0,20,400,8000,2005,9.89201634231245,14.803058089661041,2.813280425126217,1121.0
2009,386,0,2,0,386,53.60129533862536,20690.100000709383,5.281547680191748,177,17.22322097378277,178,888.493567251462,171,267.72780748663104,187,242.85966850828729,181,175.61282051282052,117,31.238596491228073,171,-31.147674418604648,172,4517.140350877193,171,118.85204678362574,171,2005,33.259069016330386,35.351145326380376,54.38164603235611,0.6403995661063899,-0.0709466468187291,2000,9,2008,1316.400002144271,0.0,21,441,9261,2005,9.89201634231245,14.803058089661041,2.813280425126217,340.0
2010,929,0,4,1,929,15.955758830139391,14822.899953199496,7.124789321789321,175,19.42104283054004,179,832.5012987012987,154,282.9759776536313,179,151.55,168,128.1104761904762,105,32.950609756097556,164,-26.0390243902439,164,3979.981097560976,164,249.52439024390245,164,2005,33.259069016330386,35.351145326380376,54.38164603235611,0.6403995661063899,-0.0709466468187291,2000,10,2009,20690.100000709383,0.0,22,484,10648,2005,9.89201634231245,14.803058089661041,2.813280425126217,386.0
2011,1330,0,8,0,1330,477.7245109766491,635373.5995989434,6.445431935635424,172,19.37705882352941,170,911.4389937106918,159,217.2822857142857,175,273.2229411764706,170,174.83431372549018,102,33.84025157232705,159,-29.82704402515723,159,4134.93670886076,158,228.87088607594936,158,2010,34.09289391141997,35.98648319247392,54.38164603235611,0.6343282460170919,0.1270675732187087,2000,11,2010,14822.899953199496,0.0,23,529,12167,2010,10.338175205592632,14.874381720703132,3.059178839425564,929.0
2012,1613,0,8,0,1613,93.96956075364076,151572.9014956225,7.945176159182183,166,19.808481262327415,169,765.9603896103896,154,208.94310344827585,174,147.0842105263158,171,134.83936170212766,94,34.214189189189185,148,-23.66756756756757,148,3710.5768707483,147,276.6156462585034,147,2010,34.09289391141997,35.98648319247392,54.38164603235611,0.6343282460170919,0.1270675732187087,2000,12,2011,635373.5995989434,0.0,24,576,13824,2010,10.338175205592632,14.874381720703132,3.059178839425564,1330.0
2013,581,0,0,0,581,87.93201351846106,51088.49985422587,5.388016611902154,166,18.379166666666663,168,941.640127388535,157,264.27396449704145,169,209.75939393939396,165,217.22446808510637,94,32.75471698113208,159,-28.571337579617833,157,4433.573885350318,157,191.2,157,2010,34.09289391141997,35.98648319247392,54.38164603235611,0.6343282460170919,0.1270675732187087,2000,13,2012,151572.9014956225,0.0,25,625,15625,2010,10.338175205592632,14.874381720703132,3.059178839425564,1613.0
2014,298,0,10,0,298,18.063422820837157,5382.900000609473,4.487989770314611,157,17.795238095238094,161,836.6432624113475,141,264.14444444444445,153,193.7697368421053,152,206.41315789473683,76,30.385135135135137,148,-32.27905405405406,148,4798.143243243243,148,129.99729729729728,148,2010,34.09289391141997,35.98648319247392,54.38164603235611,0.6343282460170919,0.1270675732187087,2000,14,2013,51088.49985422587,0.0,26,676,17576,2010,10.338175205592632,14.874381720703132,3.059178839425564,581.0
2015,665,0,6,0,665,59.11233083132944,39309.70000283408,5.7061891925388855,163,17.971515151515153,165,745.3615384615384,143,247.59032258064516,155,150.03506493506495,154,143.6092105263158,76,31.967741935483872,155,-32.197419354838715,155,4390.441935483871,155,183.46,155,2010,34.09289391141997,35.98648319247392,54.38164603235611,0.6343282460170919,0.1270675732187087,2000,15,2014,5382.900000609473,0.0,27,729,19683,2010,10.338175205592632,14.874381720703132,3.059178839425564,298.0
2016,640,0,8,0,640,129.75203142219226,83041.30011020305,6.764048497798498,156,19.35116772823779,157,766.4664335664336,143,215.23355704697985,149,176.40592105263158,152,194.21666666666667,72,33.045859872611466,157,-29.82156862745098,153,4024.954901960784,153,255.9529411764706,153,2015,34.827931232284016,36.60909535709286,54.38164603235611,0.6264981129406249,0.1245224329237893,2000,16,2015,39309.70000283408,0.0,28,784,21952,2015,10.76563786816901,14.522890851210681,3.534987951253913,665.0
2017,773,0,6,0,773,145.32587309720486,112336.89990413935,6.083080808080808,155,17.881290322580643,155,922.3375,136,261.83767123287674,146,264.04041095890415,146,175.8159420289855,69,31.37450980392157,153,-29.246308724832215,149,4126.88322147651,149,161.4234899328859,149,2015,34.827931232284016,36.60909535709286,54.38164603235611,0.6264981129406249,0.1245224329237893,2000,17,2016,83041.30011020305,0.0,29,841,24389,2015,10.76563786816901,14.522890851210681,3.534987951253913,640.0
2018,1320,0,8,0,1320,201.10560364064233,265459.39680564794,5.41599161550142,153,19.37037037037037,153,810.9862595419847,131,214.7312056737589,141,172.43857142857144,140,179.38153846153844,65,33.01643835616438,146,-30.086301369863016,146,4511.739041095891,146,267.8294520547945,146,2015,34.827931232284016,36.60909535709286,54.38164603235611,0.6264981129406249,0.1245224329237893,2000,18,2017,112336.89990413935,0.0,30,900,27000,2015,10.76563786816901,14.522890851210681,3.534987951253913,773.0
