difference_m,common_samples
-254,0
-253,0
-252,0
-251,0
-250,0
-249,0
-248,0
-247,0
-246,0
-245,0
-244,0
-243,0
-242,0
-241,0
-240,0
-239,0
-238,0
-237,0
-236,0
-235,0
-234,0
-233,0
-232,0
-231,0
-230,0
-229,0
-228,0
-227,0
-226,0
-225,0
-224,0
-223,0
-222,0
-221,0
-220,0
-219,0
-218,0
-217,0
-216,0
-215,0
-214,0
-213,0
-212,0
-211,0
-210,0
-209,0
-208,0
-207,0
-206,0
-205,0
-204,0
-203,0
-202,0
-201,0
-200,0
-199,0
-198,0
-197,0
-196,0
-195,0
-194,0
-193,0
-192,0
-191,0
-190,0
-189,0
-188,0
-187,0
-186,0
-185,0
-184,0
-183,0
-182,0
-181,0
-180,0
-179,0
-178,0
-177,0
-176,0
-175,0
-174,0
-173,0
-172,0
-171,0
-170,0
-169,0
-168,0
-167,0
-166,0
-165,0
-164,0
-163,0
-162,0
-161,0
-160,0
-159,0
-158,0
-157,0
-156,0
-155,0
-154,0
-153,0
-152,0
-151,0
-150,0
-149,0
-148,0
-147,0
-146,0
-145,0
-144,0
-143,0
-142,0
-141,0
-140,0
-139,0
-138,0
-137,0
-136,0
-135,0
-134,0
-133,0
-132,0
-131,0
-130,0
-129,0
-128,0
-127,0
-126,0
-125,0
-124,0
-123,0
-122,0
-121,0
-120,0
-119,0
-118,0
-117,0
-116,0
-115,0
-114,0
-113,0
-112,0
-111,0
-110,0
-109,0
-108,0
-107,0
-106,0
-105,0
-104,0
-103,0
-102,0
-101,0
-100,0
-99,0
-98,0
-97,0
-96,0
-95,0
-94,0
-93,0
-92,0
-91,0
-90,0
-89,0
-88,0
-87,0
-86,0
-85,0
-84,0
-83,0
-82,0
-81,0
-80,0
-79,0
-78,0
-77,0
-76,0
-75,0
-74,1
-73,0
-72,0
-71,0
-70,0
-69,0
-68,1
-67,0
-66,0
-65,0
-64,2
-63,0
-62,1
-61,0
-60,1
-59,0
-58,0
-57,0
-56,0
-55,1
-54,1
-53,1
-52,0
-51,2
-50,1
-49,1
-48,1
-47,1
-46,3
-45,4
-44,7
-43,11
-42,7
-41,11
-40,10
-39,10
-38,9
-37,13
-36,10
-35,20
-34,24
-33,32
-32,40
-31,35
-30,55
-29,45
-28,47
-27,53
-26,92
-25,148
-24,283
-23,401
-22,664
-21,1085
-20,1823
-19,2631
-18,4297
-17,5529
-16,8360
-15,11275
-14,15423
-13,18511
-12,23565
-11,27587
-10,34564
-9,40347
-8,52476
-7,62512
-6,81868
-5,100277
-4,141328
-3,173411
-2,221757
-1,265199
0,1685366
1,295476
2,267427
3,229205
4,187398
5,137381
6,104028
7,75419
8,59768
9,42251
10,34161
11,25394
12,20490
13,15575
14,13021
15,10159
16,8373
17,5905
18,5224
19,3267
20,2604
21,1698
22,1147
23,728
24,579
25,349
26,171
27,117
28,75
29,37
30,44
31,23
32,16
33,9
34,14
35,11
36,8
37,13
38,5
39,0
40,1
41,7
42,9
43,17
44,13
45,16
46,9
47,7
48,4
49,6
50,7
51,1
52,0
53,1
54,0
55,0
56,1
57,1
58,0
59,1
60,3
61,3
62,2
63,2
64,1
65,5
66,7
67,5
68,4
69,1
70,2
71,3
72,0
73,0
74,0
75,1
76,0
77,0
78,0
79,0
80,0
81,0
82,0
83,2
84,0
85,0
86,0
87,0
88,0
89,0
90,3
91,0
92,0
93,0
94,0
95,0
96,0
97,0
98,0
99,0
100,0
101,0
102,0
103,0
104,0
105,0
106,0
107,0
108,0
109,0
110,0
111,0
112,0
113,0
114,0
115,0
116,0
117,0
118,0
119,0
120,0
121,0
122,0
123,0
124,0
125,0
126,0
127,0
128,0
129,0
130,0
131,0
132,0
133,0
134,0
135,0
136,0
137,0
138,0
139,0
140,0
141,0
142,0
143,0
144,0
145,0
146,0
147,0
148,0
149,0
150,0
151,0
152,0
153,0
154,0
155,0
156,0
157,0
158,0
159,0
160,0
161,0
162,0
163,0
164,0
165,0
166,0
167,0
168,0
169,0
170,0
171,0
172,0
173,0
174,0
175,0
176,0
177,0
178,0
179,0
180,0
181,0
182,0
183,0
184,0
185,0
186,0
187,0
188,0
189,0
190,0
191,0
192,0
193,0
194,0
195,0
196,0
197,0
198,0
199,0
200,0
201,0
202,0
203,0
204,0
205,0
206,0
207,0
208,0
209,0
210,0
211,0
212,0
213,0
214,0
215,0
216,0
217,0
218,0
219,0
220,0
221,0
222,0
223,0
224,0
225,0
226,0
227,0
228,0
229,0
230,0
231,0
232,0
233,0
234,0
235,0
236,0
237,0
238,0
239,0
240,0
241,0
242,0
243,0
244,0
245,0
246,0
247,0
248,0
249,0
250,0
251,0
252,0
253,0
254,0
