height_m,1985,1990,1995,2000,2005,2010,2015
0,1597794,1601555,1599606,1594507,1572282,1548469,1544282
1,10853,11292,11291,13102,12758,10598,9199
2,79230,79273,77714,82302,83155,77920,71516
3,124513,126571,123981,128876,133905,133771,125946
4,165014,169522,168801,173177,180021,179850,172404
5,148800,151159,151754,151857,157297,162138,159948
6,160463,157881,159475,160858,163743,165640,164847
7,150439,145412,145380,148581,154245,156342,156929
8,163339,156549,153932,159813,165108,166451,166708
9,160998,153081,150031,153143,158915,161341,161801
10,183457,176338,174169,176551,179119,180887,179729
11,197681,192518,191762,191936,191534,192844,192342
12,214884,214527,214410,212834,207562,207599,206470
13,212136,218922,219184,215526,210517,209485,210489
14,201393,206233,208361,204636,199727,199416,200652
15,174855,179655,179802,176657,173369,175845,178593
16,149542,150951,151233,149166,147711,149283,154412
17,122044,122300,122509,120263,120127,121804,127132
18,100834,100222,101606,97747,97648,99880,103776
19,74204,73748,75965,72962,73241,75819,79799
20,51615,52210,54301,52179,52498,54721,57443
21,34321,35209,36480,35488,36101,37654,40076
22,21499,22373,23820,23096,23769,24836,26299
23,13201,14051,15129,14780,15147,16003,16783
24,7713,8571,8819,8823,9144,9488,9847
25,4073,4481,4452,4570,4767,4808,4981
26,2039,2457,2509,2532,2635,2644,2772
27,697,752,912,916,1085,1159,1183
28,240,291,334,385,533,583,618
29,89,96,139,174,191,259,311
30,41,60,81,82,97,93,105
31,9,11,22,16,31,42,67
32,14,21,25,30,46,46,63
33,25,19,47,55,62,62,79
34,47,39,63,98,116,123,143
35,70,68,74,131,98,162,182
36,104,96,98,139,124,184,206
37,122,98,117,181,105,173,192
38,105,80,64,133,61,130,135
39,78,60,64,97,71,82,95
40,42,39,38,63,41,54,82
41,66,18,37,63,24,33,34
42,57,22,66,76,22,31,43
43,57,27,92,105,25,33,32
44,35,23,48,50,38,27,24
45,44,16,35,57,18,22,19
46,17,6,23,24,12,14,7
47,9,9,8,8,3,6,8
48,5,3,3,4,5,0,4
49,0,0,2,1,0,0,1
50,0,0,0,0,1,0,6
51,0,0,1,0,1,0,1
52,1,0,0,2,0,0,0
53,0,0,0,0,0,0,0
54,0,0,0,0,0,0,0
55,0,0,0,0,0,0,0
56,0,1,0,1,0,0,1
57,2,0,3,2,1,5,7
58,7,2,6,11,4,12,22
59,2,5,2,9,0,6,11
60,7,5,5,6,8,9,14
61,3,1,2,5,6,3,9
62,3,1,0,3,5,1,2
63,0,0,0,0,0,0,0
64,0,0,0,2,0,0,0
65,3,5,4,9,14,23,15
66,4,1,9,5,6,2,5
67,6,6,9,11,9,8,11
68,4,6,8,4,9,5,5
69,0,1,3,4,2,1,2
70,0,0,0,0,0,0,1
71,0,0,0,0,0,0,0
72,0,0,0,0,0,0,0
73,0,0,0,0,0,0,0
74,0,0,0,0,0,0,0
75,0,0,0,0,0,0,0
76,0,0,0,0,0,0,0
77,0,0,0,0,0,0,0
78,0,0,0,0,0,0,0
79,0,0,0,0,0,0,0
80,0,1,0,3,1,4,5
81,0,0,0,0,0,0,0
82,0,0,0,0,0,0,0
83,4,0,13,7,14,10,16
84,0,0,0,0,0,0,0
85,0,0,0,0,0,0,0
86,0,0,0,0,0,0,0
87,0,0,0,0,0,0,0
88,0,0,0,0,0,0,0
89,0,0,0,0,0,0,0
90,2,5,22,21,21,12,14
91,0,0,0,0,0,0,0
92,0,0,0,0,0,0,0
93,0,0,0,0,0,0,0
94,0,0,0,0,0,0,0
95,0,0,0,0,0,0,0
96,0,0,0,0,0,0,0
97,0,0,0,0,0,0,0
98,0,0,0,0,0,0,0
99,0,0,0,0,0,0,0
100,0,0,0,0,0,0,0
101,0,0,0,0,0,0,0
102,0,0,0,0,0,0,0
103,0,0,0,0,0,0,0
104,0,0,0,0,0,0,0
105,0,0,0,0,0,0,0
106,0,0,0,0,0,0,0
107,0,0,0,0,0,0,0
108,0,0,0,0,0,0,0
109,0,0,0,0,0,0,0
110,0,0,0,0,0,0,0
111,0,0,0,0,0,0,0
112,0,0,0,0,0,0,0
113,0,0,0,0,0,0,0
114,0,0,0,0,0,0,0
115,0,0,0,0,0,0,0
116,0,0,0,0,0,0,0
117,0,0,0,0,0,0,0
118,0,0,0,0,0,0,0
119,0,0,0,0,0,0,0
120,0,0,0,0,0,0,0
121,0,0,0,0,0,0,0
122,0,0,0,0,0,0,0
123,0,0,0,0,0,0,0
124,0,0,0,0,0,0,0
125,0,0,0,0,0,0,0
126,0,0,0,0,0,0,0
127,0,0,0,0,0,0,0
128,0,0,0,0,0,0,0
129,0,0,0,0,0,0,0
130,0,0,0,0,0,0,0
131,0,0,0,0,0,0,0
132,0,0,0,0,0,0,0
133,0,0,0,0,0,0,0
134,0,0,0,0,0,0,0
135,0,0,0,0,0,0,0
136,0,0,0,0,0,0,0
137,0,0,0,0,0,0,0
138,0,0,0,0,0,0,0
139,0,0,0,0,0,0,0
140,0,0,0,0,0,0,0
141,0,0,0,0,0,0,0
142,0,0,0,0,0,0,0
143,0,0,0,0,0,0,0
144,0,0,0,0,0,0,0
145,0,0,0,0,0,0,0
146,0,0,0,0,0,0,0
147,0,0,0,0,0,0,0
148,0,0,0,0,0,0,0
149,0,0,0,0,0,0,0
150,0,0,0,0,0,0,0
151,0,0,0,0,0,0,0
152,0,0,0,0,0,0,0
153,0,0,0,0,0,0,0
154,0,0,0,0,0,0,0
155,0,0,0,0,0,0,0
156,0,0,0,0,0,0,0
157,0,0,0,0,0,0,0
158,0,0,0,0,0,0,0
159,0,0,0,0,0,0,0
160,0,0,0,0,0,0,0
161,0,0,0,0,0,0,0
162,0,0,0,0,0,0,0
163,0,0,0,0,0,0,0
164,0,0,0,0,0,0,0
165,0,0,0,0,0,0,0
166,0,0,0,0,0,0,0
167,0,0,0,0,0,0,0
168,0,0,0,0,0,0,0
169,0,0,0,0,0,0,0
170,0,0,0,0,0,0,0
171,0,0,0,0,0,0,0
172,0,0,0,0,0,0,0
173,0,0,0,0,0,0,0
174,0,0,0,0,0,0,0
175,0,0,0,0,0,0,0
176,0,0,0,0,0,0,0
177,0,0,0,0,0,0,0
178,0,0,0,0,0,0,0
179,0,0,0,0,0,0,0
180,0,0,0,0,0,0,0
181,0,0,0,0,0,0,0
182,0,0,0,0,0,0,0
183,0,0,0,0,0,0,0
184,0,0,0,0,0,0,0
185,0,0,0,0,0,0,0
186,0,0,0,0,0,0,0
187,0,0,0,0,0,0,0
188,0,0,0,0,0,0,0
189,0,0,0,0,0,0,0
190,0,0,0,0,0,0,0
191,0,0,0,0,0,0,0
192,0,0,0,0,0,0,0
193,0,0,0,0,0,0,0
194,0,0,0,0,0,0,0
195,0,0,0,0,0,0,0
196,0,0,0,0,0,0,0
197,0,0,0,0,0,0,0
198,0,0,0,0,0,0,0
199,0,0,0,0,0,0,0
200,0,0,0,0,0,0,0
201,0,0,0,0,0,0,0
202,0,0,0,0,0,0,0
203,0,0,0,0,0,0,0
204,0,0,0,0,0,0,0
205,0,0,0,0,0,0,0
206,0,0,0,0,0,0,0
207,0,0,0,0,0,0,0
208,0,0,0,0,0,0,0
209,0,0,0,0,0,0,0
210,0,0,0,0,0,0,0
211,0,0,0,0,0,0,0
212,0,0,0,0,0,0,0
213,0,0,0,0,0,0,0
214,0,0,0,0,0,0,0
215,0,0,0,0,0,0,0
216,0,0,0,0,0,0,0
217,0,0,0,0,0,0,0
218,0,0,0,0,0,0,0
219,0,0,0,0,0,0,0
220,0,0,0,0,0,0,0
221,0,0,0,0,0,0,0
222,0,0,0,0,0,0,0
223,0,0,0,0,0,0,0
224,0,0,0,0,0,0,0
225,0,0,0,0,0,0,0
226,0,0,0,0,0,0,0
227,0,0,0,0,0,0,0
228,0,0,0,0,0,0,0
229,0,0,0,0,0,0,0
230,0,0,0,0,0,0,0
231,0,0,0,0,0,0,0
232,0,0,0,0,0,0,0
233,0,0,0,0,0,0,0
234,0,0,0,0,0,0,0
235,0,0,0,0,0,0,0
236,0,0,0,0,0,0,0
237,0,0,0,0,0,0,0
238,0,0,0,0,0,0,0
239,0,0,0,0,0,0,0
240,0,0,0,0,0,0,0
241,0,0,0,0,0,0,0
242,0,0,0,0,0,0,0
243,0,0,0,0,0,0,0
244,0,0,0,0,0,0,0
245,0,0,0,0,0,0,0
246,0,0,0,0,0,0,0
247,0,0,0,0,0,0,0
248,0,0,0,0,0,0,0
249,0,0,0,0,0,0,0
250,0,0,0,0,0,0,0
251,0,0,0,0,0,0,0
252,0,0,0,0,0,0,0
253,0,0,0,0,0,0,0
254,0,0,0,0,0,0,0
